workout,subject,device,set_id,activity,exercise,duration_s,reps_true,reps_pred,error
w00,P2,sw_l,0,squats,squat,15.371197812992449,10,13,3
w00,P2,sw_l,1,squats,squat,16.47391417783757,10,17,7
w00,P2,sw_l,2,squats,squat,16.20658899848118,10,15,5
w00,P2,sw_l,3,pushups,other,14.268481448147327,11,10,-1
w00,P2,sw_l,4,pushups,other,14.235065800727796,10,10,0
w00,P2,sw_l,5,pushups,other,12.697946019428514,10,10,0
w00,P2,sw_l,6,dumbbell_shoulder_press,press,17.075395831389358,10,12,2
w00,P2,sw_l,7,dumbbell_shoulder_press,press,18.612515612688753,10,15,5
w00,P2,sw_l,8,dumbbell_shoulder_press,press,14.235065800727739,9,11,2
w00,P2,sw_l,9,lunges,other,28.16939077467964,10,19,9
w00,P2,sw_l,10,lunges,other,27.902065595323393,10,19,9
w00,P2,sw_l,11,lunges,other,29.372354081783328,10,21,11
w00,P2,sw_l,12,dumbbell_rows,other,17.54321489526319,11,11,0
w00,P2,sw_l,13,dumbbell_rows,other,15.204119575894765,10,10,0
w00,P2,sw_l,14,dumbbell_rows,other,16.707823709774175,11,11,0
w00,P2,sw_l,15,situps,other,18.846425144625755,10,10,0
w00,P2,sw_l,16,situps,other,18.77959384978635,10,10,0
w00,P2,sw_l,17,situps,other,20.951610932056838,10,12,2
w00,P2,sw_l,18,tricep_extensions,other,13.232596378141352,10,10,0
w00,P2,sw_l,19,tricep_extensions,other,10.793254116514163,10,9,-1
w00,P2,sw_l,20,tricep_extensions,other,10.759838469094575,10,10,0
w00,P2,sw_l,21,bicep_curls,curl,17.17564277364795,10,10,0
w00,P2,sw_l,22,bicep_curls,curl,15.839016876866026,10,10,0
w00,P2,sw_l,23,bicep_curls,curl,14.66946921718204,10,9,-1
w00,P2,sw_l,24,lateral_shoulder_raises,raise,14.134818858469316,10,10,0
w00,P2,sw_l,25,lateral_shoulder_raises,raise,14.268481448147213,10,10,0
w00,P2,sw_l,26,lateral_shoulder_raises,raise,14.001156268790965,10,10,0
w00,P2,sw_l,27,jumping_jacks,other,9.523459514571641,11,11,0
w00,P2,sw_l,28,jumping_jacks,other,9.657122104249083,11,10,-1
w00,P2,sw_l,29,jumping_jacks,other,8.58782138682409,10,8,-2
w00,P2,sw_r,0,squats,squat,15.371197812992449,10,10,0
w00,P2,sw_r,1,squats,squat,16.47391417783757,10,10,0
w00,P2,sw_r,2,squats,squat,16.20658899848118,10,10,0
w00,P2,sw_r,3,pushups,other,14.268481448147327,11,11,0
w00,P2,sw_r,4,pushups,other,14.235065800727796,10,10,0
w00,P2,sw_r,5,pushups,other,12.697946019428514,10,4,-6
w00,P2,sw_r,6,dumbbell_shoulder_press,press,17.075395831389358,10,10,0
w00,P2,sw_r,7,dumbbell_shoulder_press,press,18.612515612688753,10,12,2
w00,P2,sw_r,8,dumbbell_shoulder_press,press,14.235065800727739,9,8,-1
w00,P2,sw_r,9,lunges,other,28.16939077467964,10,20,10
w00,P2,sw_r,10,lunges,other,27.902065595323393,10,21,11
w00,P2,sw_r,11,lunges,other,29.372354081783328,10,19,9
w00,P2,sw_r,12,dumbbell_rows,other,17.54321489526319,11,11,0
w00,P2,sw_r,13,dumbbell_rows,other,15.204119575894765,10,10,0
w00,P2,sw_r,14,dumbbell_rows,other,16.707823709774175,11,11,0
w00,P2,sw_r,15,situps,other,18.846425144625755,10,10,0
w00,P2,sw_r,16,situps,other,18.77959384978635,10,10,0
w00,P2,sw_r,17,situps,other,20.951610932056838,10,11,1
w00,P2,sw_r,18,tricep_extensions,other,13.232596378141352,10,11,1
w00,P2,sw_r,19,tricep_extensions,other,10.793254116514163,10,9,-1
w00,P2,sw_r,20,tricep_extensions,other,10.759838469094575,10,9,-1
w00,P2,sw_r,21,bicep_curls,curl,17.17564277364795,10,10,0
w00,P2,sw_r,22,bicep_curls,curl,15.839016876866026,10,10,0
w00,P2,sw_r,23,bicep_curls,curl,14.66946921718204,10,9,-1
w00,P2,sw_r,24,lateral_shoulder_raises,raise,14.134818858469316,10,10,0
w00,P2,sw_r,25,lateral_shoulder_raises,raise,14.268481448147213,10,11,1
w00,P2,sw_r,26,lateral_shoulder_raises,raise,14.001156268790965,10,10,0
w00,P2,sw_r,27,jumping_jacks,other,9.523459514571641,11,11,0
w00,P2,sw_r,28,jumping_jacks,other,9.657122104249083,11,10,-1
w00,P2,sw_r,29,jumping_jacks,other,8.58782138682409,10,8,-2
w01,P0,sw_l,0,squats,squat,16.34747672643701,10,11,1
w01,P0,sw_l,1,squats,squat,17.763134504808875,10,14,4
w01,P0,sw_l,2,squats,squat,17.83054677996944,10,16,6
w01,P0,sw_l,3,pushups,other,11.999384978580565,10,10,0
w01,P0,sw_l,4,pushups,other,15.3025864614483,10,10,0
w01,P0,sw_l,5,pushups,other,16.178946038535514,10,11,1
w01,P0,sw_l,6,dumbbell_shoulder_press,press,26.89749778906537,11,20,9
w01,P0,sw_l,7,dumbbell_shoulder_press,press,18.87543704495829,10,16,6
w01,P0,sw_l,8,dumbbell_shoulder_press,press,22.650524453949856,11,20,9
w01,P0,sw_l,9,lunges,other,28.818747631141605,10,17,7
w01,P0,sw_l,10,lunges,other,23.762826994099214,10,14,4
w01,P0,sw_l,11,lunges,other,25.785195248916125,10,13,3
w01,P0,sw_l,12,situps,other,20.02144572268776,10,10,0
w01,P0,sw_l,13,situps,other,19.111380008020205,10,9,-1
w01,P0,sw_l,14,situps,other,19.4147352462428,10,11,1
w01,P0,sw_l,15,dumbbell_rows,other,20.661862336713057,10,10,0
w01,P0,sw_l,16,dumbbell_rows,other,21.100042125257005,10,11,1
w01,P0,sw_l,17,dumbbell_rows,other,20.897805299774973,10,10,0
w01,P0,sw_l,18,dumbbell_rows,other,17.93166519271017,10,9,-1
w01,P0,sw_l,19,tricep_extensions,other,21.571928051380837,10,9,-1
w01,P0,sw_l,20,tricep_extensions,other,21.201160537997794,10,9,-1
w01,P0,sw_l,21,tricep_extensions,other,21.706752601701965,10,9,-1
w01,P0,sw_l,22,tricep_extensions,other,18.639494081896146,10,10,0
w01,P0,sw_l,23,bicep_curls,curl,16.98789334046228,10,9,-1
w01,P0,sw_l,24,bicep_curls,curl,16.684538102239912,10,9,-1
w01,P0,sw_l,25,bicep_curls,curl,16.34747672643698,10,10,0
w01,P0,sw_l,26,lateral_shoulder_raises,raise,21.268572813158244,10,9,-1
w01,P0,sw_l,27,lateral_shoulder_raises,raise,27.20085302728785,11,12,1
w01,P0,sw_l,28,lateral_shoulder_raises,raise,22.313463078146924,10,11,1
w01,P0,sw_l,29,jumping_jacks,other,13.684691857594771,10,10,0
w01,P0,sw_l,30,jumping_jacks,other,14.39252074678052,10,10,0
w01,P0,sw_l,31,jumping_jacks,other,11.493792914876394,10,11,1
w01,P0,sw_r,0,squats,squat,16.34747672643701,10,13,3
w01,P0,sw_r,1,squats,squat,17.763134504808875,10,13,3
w01,P0,sw_r,2,squats,squat,17.83054677996944,10,17,7
w01,P0,sw_r,3,pushups,other,11.999384978580565,10,9,-1
w01,P0,sw_r,4,pushups,other,15.3025864614483,10,10,0
w01,P0,sw_r,5,pushups,other,16.178946038535514,10,10,0
w01,P0,sw_r,6,dumbbell_shoulder_press,press,26.89749778906537,11,18,7
w01,P0,sw_r,7,dumbbell_shoulder_press,press,18.87543704495829,10,14,4
w01,P0,sw_r,8,dumbbell_shoulder_press,press,22.650524453949856,11,15,4
w01,P0,sw_r,9,lunges,other,28.818747631141605,10,16,6
w01,P0,sw_r,10,lunges,other,23.762826994099214,10,14,4
w01,P0,sw_r,11,lunges,other,25.785195248916125,10,17,7
w01,P0,sw_r,12,situps,other,20.02144572268776,10,10,0
w01,P0,sw_r,13,situps,other,19.111380008020205,10,9,-1
w01,P0,sw_r,14,situps,other,19.4147352462428,10,10,0
w01,P0,sw_r,15,dumbbell_rows,other,20.661862336713057,10,10,0
w01,P0,sw_r,16,dumbbell_rows,other,21.100042125257005,10,11,1
w01,P0,sw_r,17,dumbbell_rows,other,20.897805299774973,10,11,1
w01,P0,sw_r,18,dumbbell_rows,other,17.93166519271017,10,10,0
w01,P0,sw_r,19,tricep_extensions,other,21.571928051380837,10,10,0
w01,P0,sw_r,20,tricep_extensions,other,21.201160537997794,10,9,-1
w01,P0,sw_r,21,tricep_extensions,other,21.706752601701965,10,9,-1
w01,P0,sw_r,22,tricep_extensions,other,18.639494081896146,10,10,0
w01,P0,sw_r,23,bicep_curls,curl,16.98789334046228,10,10,0
w01,P0,sw_r,24,bicep_curls,curl,16.684538102239912,10,9,-1
w01,P0,sw_r,25,bicep_curls,curl,16.34747672643698,10,10,0
w01,P0,sw_r,26,lateral_shoulder_raises,raise,21.268572813158244,10,10,0
w01,P0,sw_r,27,lateral_shoulder_raises,raise,27.20085302728785,11,11,0
w01,P0,sw_r,28,lateral_shoulder_raises,raise,22.313463078146924,10,10,0
w01,P0,sw_r,29,jumping_jacks,other,13.684691857594771,10,11,1
w01,P0,sw_r,30,jumping_jacks,other,14.39252074678052,10,9,-1
w01,P0,sw_r,31,jumping_jacks,other,11.493792914876394,10,9,-1
w02,P1,sw_l,0,squats,squat,21.79578159751584,10,11,1
w02,P1,sw_l,1,squats,squat,22.232368902242655,10,11,1
w02,P1,sw_l,2,squats,squat,22.198785263417534,10,10,0
w02,P1,sw_l,3,pushups,other,15.683559331340348,10,10,0
w02,P1,sw_l,4,pushups,other,15.079053832487773,10,9,-1
w02,P1,sw_l,5,pushups,other,13.836459195957673,10,9,-1
w02,P1,sw_l,6,dumbbell_shoulder_press,press,25.926569173008147,10,17,7
w02,P1,sw_l,7,dumbbell_shoulder_press,press,23.911550843499754,10,15,5
w02,P1,sw_l,8,dumbbell_shoulder_press,press,24.616807258827635,10,16,6
w02,P1,sw_l,9,lunges,other,26.631825588336028,10,19,9
w02,P1,sw_l,10,lunges,other,28.344591168417992,10,22,12
w02,P1,sw_l,11,lunges,other,28.6132602790193,10,21,11
w02,P1,sw_l,12,dumbbell_rows,other,19.10909049150473,10,10,0
w02,P1,sw_l,13,dumbbell_rows,other,17.362741272597304,10,12,2
w02,P1,sw_l,14,dumbbell_rows,other,16.120146636067147,10,11,1
w02,P1,sw_l,15,situps,other,27.4378329201395,10,10,0
w02,P1,sw_l,16,situps,other,29.788687637899102,10,10,0
w02,P1,sw_l,17,situps,other,30.426776775576627,10,12,2
w02,P1,sw_l,18,tricep_extensions,other,22.131617985767434,10,9,-1
w02,P1,sw_l,19,tricep_extensions,other,19.545677796231757,9,9,0
w02,P1,sw_l,20,tricep_extensions,other,18.87400501972843,10,10,0
w02,P1,sw_l,21,bicep_curls,curl,19.814346906832725,10,10,0
w02,P1,sw_l,22,bicep_curls,curl,19.814346906832725,10,10,0
w02,P1,sw_l,23,bicep_curls,curl,19.612845073881545,10,10,0
w02,P1,sw_l,24,lateral_shoulder_raises,raise,33.04630060393765,10,17,7
w02,P1,sw_l,25,lateral_shoulder_raises,raise,30.695445886177822,10,14,4
w02,P1,sw_l,26,lateral_shoulder_raises,raise,31.971624161533327,10,18,8
w02,P1,sw_l,27,jumping_jacks,other,10.646013507569478,10,10,0
w02,P1,sw_l,28,jumping_jacks,other,10.71318078521972,10,10,0
w02,P1,sw_l,29,jumping_jacks,other,10.377344396968056,10,10,0
w02,P1,sw_r,0,squats,squat,21.79578159751584,10,8,-2
w02,P1,sw_r,1,squats,squat,22.232368902242655,10,9,-1
w02,P1,sw_r,2,squats,squat,22.198785263417534,10,11,1
w02,P1,sw_r,3,pushups,other,15.683559331340348,10,9,-1
w02,P1,sw_r,4,pushups,other,15.079053832487773,10,9,-1
w02,P1,sw_r,5,pushups,other,13.836459195957673,10,9,-1
w02,P1,sw_r,6,dumbbell_shoulder_press,press,25.926569173008147,10,14,4
w02,P1,sw_r,7,dumbbell_shoulder_press,press,23.911550843499754,10,15,5
w02,P1,sw_r,8,dumbbell_shoulder_press,press,24.616807258827635,10,14,4
w02,P1,sw_r,9,lunges,other,26.631825588336028,10,20,10
w02,P1,sw_r,10,lunges,other,28.344591168417992,10,22,12
w02,P1,sw_r,11,lunges,other,28.6132602790193,10,21,11
w02,P1,sw_r,12,dumbbell_rows,other,19.10909049150473,10,10,0
w02,P1,sw_r,13,dumbbell_rows,other,17.362741272597304,10,11,1
w02,P1,sw_r,14,dumbbell_rows,other,16.120146636067147,10,10,0
w02,P1,sw_r,15,situps,other,27.4378329201395,10,10,0
w02,P1,sw_r,16,situps,other,29.788687637899102,10,10,0
w02,P1,sw_r,17,situps,other,30.426776775576627,10,11,1
w02,P1,sw_r,18,tricep_extensions,other,22.131617985767434,10,9,-1
w02,P1,sw_r,19,tricep_extensions,other,19.545677796231757,9,8,-1
w02,P1,sw_r,20,tricep_extensions,other,18.87400501972843,10,9,-1
w02,P1,sw_r,21,bicep_curls,curl,19.814346906832725,10,10,0
w02,P1,sw_r,22,bicep_curls,curl,19.814346906832725,10,10,0
w02,P1,sw_r,23,bicep_curls,curl,19.612845073881545,10,9,-1
w02,P1,sw_r,24,lateral_shoulder_raises,raise,33.04630060393765,10,17,7
w02,P1,sw_r,25,lateral_shoulder_raises,raise,30.695445886177822,10,17,7
w02,P1,sw_r,26,lateral_shoulder_raises,raise,31.971624161533327,10,18,8
w02,P1,sw_r,27,jumping_jacks,other,10.646013507569478,10,10,0
w02,P1,sw_r,28,jumping_jacks,other,10.71318078521972,10,11,1
w02,P1,sw_r,29,jumping_jacks,other,10.377344396968056,10,10,0
w03,P0,sw_l,0,squats,squat,16.74630477826436,10,17,7
w03,P0,sw_l,1,squats,squat,16.54454207009249,10,16,6
w03,P0,sw_l,2,squats,squat,16.073762417691484,10,10,0
w03,P0,sw_l,3,pushups,other,15.737491237405038,10,9,-1
w03,P0,sw_l,4,pushups,other,16.67905054220705,10,10,0
w03,P0,sw_l,5,pushups,other,15.132203112889442,10,10,0
w03,P0,sw_l,6,dumbbell_shoulder_press,press,18.763931859982904,10,18,8
w03,P0,sw_l,7,dumbbell_shoulder_press,press,19.604609810699003,10,17,7
w03,P0,sw_l,8,dumbbell_shoulder_press,press,18.999321686183407,10,16,6
w03,P0,sw_l,9,lunges,other,26.39728765248492,10,16,6
w03,P0,sw_l,10,lunges,other,26.397287652485034,10,15,5
w03,P0,sw_l,11,lunges,other,26.53179612459951,10,16,6
w03,P0,sw_l,12,dumbbell_rows,other,18.259525089553335,10,10,0
w03,P0,sw_l,13,dumbbell_rows,other,17.95688102729548,10,10,0
w03,P0,sw_l,14,dumbbell_rows,other,18.494914915753725,10,10,0
w03,P0,sw_l,15,situps,other,22.967321613563172,12,12,0
w03,P0,sw_l,16,situps,other,18.629423387868428,10,9,-1
w03,P0,sw_l,17,situps,other,18.93206745012617,10,10,0
w03,P0,sw_l,18,tricep_extensions,other,21.185084358045287,10,9,-1
w03,P0,sw_l,19,tricep_extensions,other,21.85762671861835,10,10,0
w03,P0,sw_l,20,tricep_extensions,other,22.261152134961776,10,11,1
w03,P0,sw_l,21,bicep_curls,curl,18.461287797725163,10,10,0
w03,P0,sw_l,22,bicep_curls,curl,18.69667762392578,10,8,-2
w03,P0,sw_l,23,bicep_curls,curl,18.192270853495984,10,9,-1
w03,P0,sw_l,24,lateral_shoulder_raises,raise,22.765558905391572,10,10,0
w03,P0,sw_l,25,lateral_shoulder_raises,raise,20.512541997472454,10,10,0
w03,P0,sw_l,26,lateral_shoulder_raises,raise,20.41166064338654,10,10,0
w03,P0,sw_l,27,jumping_jacks,other,10.760677769165795,10,10,0
w03,P0,sw_l,28,jumping_jacks,other,10.525287942965406,10,10,0
w03,P0,sw_l,29,jumping_jacks,other,10.35715235282214,10,8,-2
w03,P0,sw_r,0,squats,squat,16.74630477826436,10,18,8
w03,P0,sw_r,1,squats,squat,16.54454207009249,10,13,3
w03,P0,sw_r,2,squats,squat,16.073762417691484,10,11,1
w03,P0,sw_r,3,pushups,other,15.737491237405038,10,9,-1
w03,P0,sw_r,4,pushups,other,16.67905054220705,10,10,0
w03,P0,sw_r,5,pushups,other,15.132203112889442,10,10,0
w03,P0,sw_r,6,dumbbell_shoulder_press,press,18.763931859982904,10,13,3
w03,P0,sw_r,7,dumbbell_shoulder_press,press,19.604609810699003,10,14,4
w03,P0,sw_r,8,dumbbell_shoulder_press,press,18.999321686183407,10,10,0
w03,P0,sw_r,9,lunges,other,26.39728765248492,10,15,5
w03,P0,sw_r,10,lunges,other,26.397287652485034,10,18,8
w03,P0,sw_r,11,lunges,other,26.53179612459951,10,15,5
w03,P0,sw_r,12,dumbbell_rows,other,18.259525089553335,10,10,0
w03,P0,sw_r,13,dumbbell_rows,other,17.95688102729548,10,10,0
w03,P0,sw_r,14,dumbbell_rows,other,18.494914915753725,10,10,0
w03,P0,sw_r,15,situps,other,22.967321613563172,12,12,0
w03,P0,sw_r,16,situps,other,18.629423387868428,10,9,-1
w03,P0,sw_r,17,situps,other,18.93206745012617,10,10,0
w03,P0,sw_r,18,tricep_extensions,other,21.185084358045287,10,10,0
w03,P0,sw_r,19,tricep_extensions,other,21.85762671861835,10,10,0
w03,P0,sw_r,20,tricep_extensions,other,22.261152134961776,10,9,-1
w03,P0,sw_r,21,bicep_curls,curl,18.461287797725163,10,10,0
w03,P0,sw_r,22,bicep_curls,curl,18.69667762392578,10,10,0
w03,P0,sw_r,23,bicep_curls,curl,18.192270853495984,10,10,0
w03,P0,sw_r,24,lateral_shoulder_raises,raise,22.765558905391572,10,10,0
w03,P0,sw_r,25,lateral_shoulder_raises,raise,20.512541997472454,10,10,0
w03,P0,sw_r,26,lateral_shoulder_raises,raise,20.41166064338654,10,11,1
w03,P0,sw_r,27,jumping_jacks,other,10.760677769165795,10,10,0
w03,P0,sw_r,28,jumping_jacks,other,10.525287942965406,10,10,0
w03,P0,sw_r,29,jumping_jacks,other,10.35715235282214,10,10,0
w04,P1,sw_l,0,squats,squat,24.03867658635788,10,12,2
w04,P1,sw_l,1,squats,squat,26.49297503503496,10,11,1
w04,P1,sw_l,2,squats,squat,24.610225540159433,10,15,5
w04,P1,sw_l,3,pushups,other,15.33096017255832,10,9,-1
w04,P1,sw_l,4,pushups,other,15.02837543231044,10,9,-1
w04,P1,sw_l,5,pushups,other,15.936129653054024,10,9,-1
w04,P1,sw_l,6,dumbbell_shoulder_press,press,29.417960857431012,10,15,5
w04,P1,sw_l,7,dumbbell_shoulder_press,press,29.821407177761444,10,15,5
w04,P1,sw_l,8,dumbbell_shoulder_press,press,28.073139789662605,10,9,-1
w04,P1,sw_l,9,lunges,other,30.392956131562983,10,28,18
w04,P1,sw_l,10,lunges,other,30.023130337926887,10,22,12
w04,P1,sw_l,11,dumbbell_rows,other,18.928356528838435,10,12,2
w04,P1,sw_l,12,dumbbell_rows,other,17.583535461069914,10,10,0
w04,P1,sw_l,13,dumbbell_rows,other,17.348191774210818,10,10,0
w04,P1,sw_l,14,situps,other,29.82140717776133,10,10,0
w04,P1,sw_l,15,situps,other,31.098987192141067,10,10,0
w04,P1,sw_l,16,situps,other,31.939500359496606,10,10,0
w04,P1,sw_l,17,tricep_extensions,other,22.727476045283538,10,10,0
w04,P1,sw_l,18,tricep_extensions,other,25.484359234208796,10,11,1
w04,P1,sw_l,19,tricep_extensions,other,23.332645525779526,10,10,0
w04,P1,sw_l,20,bicep_curls,curl,22.66023499189555,10,9,-1
w04,P1,sw_r,0,squats,squat,24.03867658635788,10,9,-1
w04,P1,sw_r,1,squats,squat,26.49297503503496,10,10,0
w04,P1,sw_r,2,squats,squat,24.610225540159433,10,10,0
w04,P1,sw_r,3,pushups,other,15.33096017255832,10,10,0
w04,P1,sw_r,4,pushups,other,15.02837543231044,10,9,-1
w04,P1,sw_r,5,pushups,other,15.936129653054024,10,9,-1
w04,P1,sw_r,6,dumbbell_shoulder_press,press,29.417960857431012,10,14,4
w04,P1,sw_r,7,dumbbell_shoulder_press,press,29.821407177761444,10,12,2
w04,P1,sw_r,8,dumbbell_shoulder_press,press,28.073139789662605,10,15,5
w04,P1,sw_r,9,lunges,other,30.392956131562983,10,19,9
w04,P1,sw_r,10,lunges,other,30.023130337926887,10,20,10
w04,P1,sw_r,11,dumbbell_rows,other,18.928356528838435,10,11,1
w04,P1,sw_r,12,dumbbell_rows,other,17.583535461069914,10,10,0
w04,P1,sw_r,13,dumbbell_rows,other,17.348191774210818,10,10,0
w04,P1,sw_r,14,situps,other,29.82140717776133,10,11,1
w04,P1,sw_r,15,situps,other,31.098987192141067,10,10,0
w04,P1,sw_r,16,situps,other,31.939500359496606,10,10,0
w04,P1,sw_r,17,tricep_extensions,other,22.727476045283538,10,10,0
w04,P1,sw_r,18,tricep_extensions,other,25.484359234208796,10,10,0
w04,P1,sw_r,19,tricep_extensions,other,23.332645525779526,10,10,0
w04,P1,sw_r,20,bicep_curls,curl,22.66023499189555,10,10,0
w05,P2,sw_l,0,squats,squat,17.6027582011359,10,18,8
w05,P2,sw_l,1,squats,squat,17.368054758454093,10,17,7
w05,P2,sw_l,2,squats,squat,20.08390888091506,10,20,10
w05,P2,sw_l,3,pushups,other,14.31691000359055,10,10,0
w05,P2,sw_l,4,pushups,other,15.523956280239872,10,10,0
w05,P2,sw_l,5,pushups,other,13.277509043142516,10,9,-1
w05,P2,sw_l,6,dumbbell_shoulder_press,press,15.188665647837183,9,11,2
w05,P2,sw_l,7,dumbbell_shoulder_press,press,14.7192587624736,9,9,0
w05,P2,sw_l,8,dumbbell_shoulder_press,press,14.417497193311362,9,8,-1
w05,P2,sw_l,9,lunges,other,27.460302793771916,10,20,10
w05,P2,sw_l,10,lunges,other,28.399116564499195,10,19,9
w05,P2,sw_l,11,lunges,other,29.203814082265467,11,21,10
w05,P2,sw_l,12,dumbbell_rows,other,16.39571192448659,10,11,1
w05,P2,sw_l,13,dumbbell_rows,other,15.456898153759312,10,10,0
w05,P2,sw_l,14,dumbbell_rows,other,13.210450916662012,10,11,1
w05,P2,sw_l,15,situps,other,20.85507733544091,10,10,0
w05,P2,sw_l,16,situps,other,16.22806660828519,10,9,-1
w05,P2,sw_l,17,situps,other,13.746915928506269,9,9,0
w05,P2,sw_l,18,tricep_extensions,other,14.04867749766845,10,10,0
w05,P2,sw_l,19,tricep_extensions,other,14.350439066830631,11,10,-1
w05,P2,sw_l,20,tricep_extensions,other,12.975747473980164,10,9,-1
w05,P2,sw_l,21,bicep_curls,curl,16.563357240687992,10,9,-1
w05,P2,sw_l,22,bicep_curls,curl,16.026892228843735,10,10,0
w05,P2,sw_l,23,bicep_curls,curl,17.46864194817499,11,11,0
w05,P2,sw_l,24,lateral_shoulder_raises,raise,13.914561244707556,10,10,0
w05,P2,sw_l,25,lateral_shoulder_raises,raise,14.65220063599304,10,10,0
w05,P2,sw_l,26,lateral_shoulder_raises,raise,14.182793750629344,10,10,0
w05,P2,sw_l,27,jumping_jacks,other,9.857544592636259,10,10,0
w05,P2,sw_l,28,jumping_jacks,other,7.141690470175263,11,5,-6
w05,P2,sw_l,29,jumping_jacks,other,7.644626418778898,10,5,-5
w05,P2,sw_r,0,squats,squat,17.6027582011359,10,11,1
w05,P2,sw_r,1,squats,squat,17.368054758454093,10,11,1
w05,P2,sw_r,2,squats,squat,20.08390888091506,10,13,3
w05,P2,sw_r,3,pushups,other,14.31691000359055,10,10,0
w05,P2,sw_r,4,pushups,other,15.523956280239872,10,10,0
w05,P2,sw_r,5,pushups,other,13.277509043142516,10,10,0
w05,P2,sw_r,6,dumbbell_shoulder_press,press,15.188665647837183,9,9,0
w05,P2,sw_r,7,dumbbell_shoulder_press,press,14.7192587624736,9,11,2
w05,P2,sw_r,8,dumbbell_shoulder_press,press,14.417497193311362,9,9,0
w05,P2,sw_r,9,lunges,other,27.460302793771916,10,18,8
w05,P2,sw_r,10,lunges,other,28.399116564499195,10,19,9
w05,P2,sw_r,11,lunges,other,29.203814082265467,11,21,10
w05,P2,sw_r,12,dumbbell_rows,other,16.39571192448659,10,10,0
w05,P2,sw_r,13,dumbbell_rows,other,15.456898153759312,10,10,0
w05,P2,sw_r,14,dumbbell_rows,other,13.210450916662012,10,10,0
w05,P2,sw_r,15,situps,other,20.85507733544091,10,10,0
w05,P2,sw_r,16,situps,other,16.22806660828519,10,10,0
w05,P2,sw_r,17,situps,other,13.746915928506269,9,9,0
w05,P2,sw_r,18,tricep_extensions,other,14.04867749766845,10,10,0
w05,P2,sw_r,19,tricep_extensions,other,14.350439066830631,11,10,-1
w05,P2,sw_r,20,tricep_extensions,other,12.975747473980164,10,10,0
w05,P2,sw_r,21,bicep_curls,curl,16.563357240687992,10,10,0
w05,P2,sw_r,22,bicep_curls,curl,16.026892228843735,10,10,0
w05,P2,sw_r,23,bicep_curls,curl,17.46864194817499,11,10,-1
w05,P2,sw_r,24,lateral_shoulder_raises,raise,13.914561244707556,10,10,0
w05,P2,sw_r,25,lateral_shoulder_raises,raise,14.65220063599304,10,10,0
w05,P2,sw_r,26,lateral_shoulder_raises,raise,14.182793750629344,10,11,1
w05,P2,sw_r,27,jumping_jacks,other,9.857544592636259,10,11,1
w05,P2,sw_r,28,jumping_jacks,other,7.141690470175263,11,6,-5
w05,P2,sw_r,29,jumping_jacks,other,7.644626418778898,10,6,-4
w06,P0,sw_l,0,squats,squat,18.585680179070515,10,18,8
w06,P0,sw_l,1,squats,squat,19.259074388457122,10,20,10
w06,P0,sw_l,2,squats,squat,19.898798887374397,10,19,9
w06,P0,sw_l,3,pushups,other,15.25237884260676,10,10,0
w06,P0,sw_l,4,pushups,other,18.31632249531586,10,10,0
w06,P0,sw_l,5,pushups,other,17.40724031264392,10,10,0
w06,P0,sw_l,6,dumbbell_shoulder_press,press,23.366779065715434,10,17,7
w06,P0,sw_l,7,dumbbell_shoulder_press,press,24.881916036835378,10,20,10
w06,P0,sw_l,8,dumbbell_shoulder_press,press,26.464392428893916,10,17,7
w06,P0,sw_l,9,lunges,other,29.730354344418913,10,18,8
w06,P0,sw_l,10,lunges,other,26.363383297486052,10,15,5
w06,P0,sw_l,11,lunges,other,27.979529400013803,10,17,7
w06,P0,sw_l,12,dumbbell_rows,other,19.595771493150437,10,10,0
w06,P0,sw_l,13,dumbbell_rows,other,17.575588864990664,10,11,1
w06,P0,sw_l,14,dumbbell_rows,other,17.777607127806505,10,10,0
w06,P0,sw_l,15,situps,other,18.855037862825156,10,10,0
w06,P0,sw_l,16,situps,other,20.572193096760998,10,10,0
w06,P0,sw_l,17,situps,other,20.40384454441437,10,11,1
w06,P0,sw_l,18,tricep_extensions,other,19.32641380939549,10,9,-1
w06,P0,sw_l,19,tricep_extensions,other,21.245587306147627,10,10,0
w06,P0,sw_l,20,tricep_extensions,other,19.999808018782232,10,10,0
w06,P0,sw_l,21,bicep_curls,curl,20.370174833945157,10,9,-1
w06,P0,sw_l,22,bicep_curls,curl,19.326413809395945,10,10,0
w06,P0,sw_l,23,bicep_curls,curl,20.0334777292519,10,11,1
w06,P0,sw_l,24,lateral_shoulder_raises,raise,22.525036303982233,10,11,1
w06,P0,sw_l,25,lateral_shoulder_raises,raise,19.12439554657999,10,8,-2
w06,P0,sw_l,26,lateral_shoulder_raises,raise,16.70017639278808,10,9,-1
w06,P0,sw_l,27,jumping_jacks,other,8.855133853433927,10,7,-3
w06,P0,sw_l,28,jumping_jacks,other,9.831555457044715,10,7,-3
w06,P0,sw_l,29,jumping_jacks,other,10.538619376900442,10,6,-4
w06,P0,sw_r,0,squats,squat,18.585680179070515,10,19,9
w06,P0,sw_r,1,squats,squat,19.259074388457122,10,18,8
w06,P0,sw_r,2,squats,squat,19.898798887374397,10,19,9
w06,P0,sw_r,3,pushups,other,15.25237884260676,10,10,0
w06,P0,sw_r,4,pushups,other,18.31632249531586,10,10,0
w06,P0,sw_r,5,pushups,other,17.40724031264392,10,10,0
w06,P0,sw_r,6,dumbbell_shoulder_press,press,23.366779065715434,10,16,6
w06,P0,sw_r,7,dumbbell_shoulder_press,press,24.881916036835378,10,16,6
w06,P0,sw_r,8,dumbbell_shoulder_press,press,26.464392428893916,10,18,8
w06,P0,sw_r,9,lunges,other,29.730354344418913,10,17,7
w06,P0,sw_r,10,lunges,other,26.363383297486052,10,18,8
w06,P0,sw_r,11,lunges,other,27.979529400013803,10,19,9
w06,P0,sw_r,12,dumbbell_rows,other,19.595771493150437,10,10,0
w06,P0,sw_r,13,dumbbell_rows,other,17.575588864990664,10,10,0
w06,P0,sw_r,14,dumbbell_rows,other,17.777607127806505,10,10,0
w06,P0,sw_r,15,situps,other,18.855037862825156,10,10,0
w06,P0,sw_r,16,situps,other,20.572193096760998,10,10,0
w06,P0,sw_r,17,situps,other,20.40384454441437,10,11,1
w06,P0,sw_r,18,tricep_extensions,other,19.32641380939549,10,10,0
w06,P0,sw_r,19,tricep_extensions,other,21.245587306147627,10,10,0
w06,P0,sw_r,20,tricep_extensions,other,19.999808018782232,10,12,2
w06,P0,sw_r,21,bicep_curls,curl,20.370174833945157,10,11,1
w06,P0,sw_r,22,bicep_curls,curl,19.326413809395945,10,9,-1
w06,P0,sw_r,23,bicep_curls,curl,20.0334777292519,10,9,-1
w06,P0,sw_r,24,lateral_shoulder_raises,raise,22.525036303982233,10,9,-1
w06,P0,sw_r,25,lateral_shoulder_raises,raise,19.12439554657999,10,9,-1
w06,P0,sw_r,26,lateral_shoulder_raises,raise,16.70017639278808,10,8,-2
w06,P0,sw_r,27,jumping_jacks,other,8.855133853433927,10,5,-5
w06,P0,sw_r,28,jumping_jacks,other,9.831555457044715,10,5,-5
w06,P0,sw_r,29,jumping_jacks,other,10.538619376900442,10,5,-5
w07,P1,sw_l,0,squats,squat,26.20367685369041,10,13,3
w07,P1,sw_l,1,squats,squat,22.990965515306897,10,11,1
w07,P1,sw_l,2,squats,squat,22.95749977219876,10,11,1
w07,P1,sw_l,3,pushups,other,17.167926214486812,10,9,-1
w07,P1,sw_l,4,pushups,other,18.372692966380612,10,11,1
w07,P1,sw_l,5,pushups,other,17.000597498946036,10,9,-1
w07,P1,sw_l,6,dumbbell_shoulder_press,press,23.760677606794616,10,11,1
w07,P1,sw_l,7,dumbbell_shoulder_press,press,29.95184008180445,10,10,0
w07,P1,sw_l,8,dumbbell_shoulder_press,press,25.869019422608744,10,13,3
w07,P1,sw_l,9,lunges,other,30.018771568020952,10,22,12
w07,P1,sw_l,10,lunges,other,28.2785529263964,10,21,11
w07,P1,sw_l,11,lunges,other,28.278552926396515,10,19,9
w07,P1,sw_l,12,situps,other,32.829893989106495,10,11,1
w07,P1,sw_l,13,situps,other,31.123141090590025,10,11,1
w07,P1,sw_l,14,situps,other,33.36534587883693,10,11,1
w07,P1,sw_l,15,dumbbell_rows,other,17.26832344381137,10,10,0
w07,P1,sw_l,16,dumbbell_rows,other,16.197419664350036,10,10,0
w07,P1,sw_l,17,dumbbell_rows,other,16.632474324756004,10,10,0
w07,P1,sw_l,18,tricep_extensions,other,22.187787680710926,10,10,0
w07,P1,sw_l,19,tricep_extensions,other,19.811719920031692,10,9,-1
w07,P1,sw_l,20,tricep_extensions,other,18.20536425083992,9,9,0
w07,P1,sw_l,21,bicep_curls,curl,19.34319951651719,10,10,0
w07,P1,sw_l,22,bicep_curls,curl,18.74081614057036,10,10,0
w07,P1,sw_l,23,lateral_shoulder_raises,raise,31.190072576806415,10,16,6
w07,P1,sw_l,24,lateral_shoulder_raises,raise,29.717579880047197,10,14,4
w07,P1,sw_l,25,lateral_shoulder_raises,raise,27.40844360558458,10,12,2
w07,P1,sw_l,26,jumping_jacks,other,10.642106308395796,10,10,0
w07,P1,sw_l,27,jumping_jacks,other,10.642106308395796,10,10,0
w07,P1,sw_l,28,jumping_jacks,other,10.943297996368528,10,10,0
w07,P1,sw_r,0,squats,squat,26.20367685369041,10,10,0
w07,P1,sw_r,1,squats,squat,22.990965515306897,10,11,1
w07,P1,sw_r,2,squats,squat,22.95749977219876,10,10,0
w07,P1,sw_r,3,pushups,other,17.167926214486812,10,10,0
w07,P1,sw_r,4,pushups,other,18.372692966380612,10,11,1
w07,P1,sw_r,5,pushups,other,17.000597498946036,10,11,1
w07,P1,sw_r,6,dumbbell_shoulder_press,press,23.760677606794616,10,11,1
w07,P1,sw_r,7,dumbbell_shoulder_press,press,29.95184008180445,10,16,6
w07,P1,sw_r,8,dumbbell_shoulder_press,press,25.869019422608744,10,12,2
w07,P1,sw_r,9,lunges,other,30.018771568020952,10,17,7
w07,P1,sw_r,10,lunges,other,28.2785529263964,10,19,9
w07,P1,sw_r,11,lunges,other,28.278552926396515,10,16,6
w07,P1,sw_r,12,situps,other,32.829893989106495,10,11,1
w07,P1,sw_r,13,situps,other,31.123141090590025,10,11,1
w07,P1,sw_r,14,situps,other,33.36534587883693,10,10,0
w07,P1,sw_r,15,dumbbell_rows,other,17.26832344381137,10,10,0
w07,P1,sw_r,16,dumbbell_rows,other,16.197419664350036,10,10,0
w07,P1,sw_r,17,dumbbell_rows,other,16.632474324756004,10,10,0
w07,P1,sw_r,18,tricep_extensions,other,22.187787680710926,10,10,0
w07,P1,sw_r,19,tricep_extensions,other,19.811719920031692,10,10,0
w07,P1,sw_r,20,tricep_extensions,other,18.20536425083992,9,9,0
w07,P1,sw_r,21,bicep_curls,curl,19.34319951651719,10,10,0
w07,P1,sw_r,22,bicep_curls,curl,18.74081614057036,10,9,-1
w07,P1,sw_r,23,lateral_shoulder_raises,raise,31.190072576806415,10,17,7
w07,P1,sw_r,24,lateral_shoulder_raises,raise,29.717579880047197,10,16,6
w07,P1,sw_r,25,lateral_shoulder_raises,raise,27.40844360558458,10,14,4
w07,P1,sw_r,26,jumping_jacks,other,10.642106308395796,10,11,1
w07,P1,sw_r,27,jumping_jacks,other,10.642106308395796,10,10,0
w07,P1,sw_r,28,jumping_jacks,other,10.943297996368528,10,10,0
w08,P0,sw_l,0,squats,squat,17.452603087753303,10,14,4
w08,P0,sw_l,1,squats,squat,17.722662710000932,10,13,3
w08,P0,sw_l,2,squats,squat,17.317573276629474,10,15,5
w08,P0,sw_l,3,pushups,other,13.70552582906734,10,9,-1
w08,P0,sw_l,4,pushups,other,16.271092240419904,10,10,0
w08,P0,sw_l,5,pushups,other,14.920794129181786,10,10,0
w08,P0,sw_l,6,dumbbell_shoulder_press,press,22.077374118744046,10,17,7
w08,P0,sw_l,7,dumbbell_shoulder_press,press,23.393914777201303,10,18,8
w08,P0,sw_l,8,dumbbell_shoulder_press,press,23.090097702172557,10,14,4
w08,P0,sw_l,9,dumbbell_rows,other,21.19968034643921,10,11,1
w08,P0,sw_l,10,dumbbell_rows,other,20.389501479696378,10,10,0
w08,P0,sw_l,11,dumbbell_rows,other,21.976101760401207,10,10,0
w08,P0,sw_l,12,situps,other,18.802901198991435,10,10,0
w08,P0,sw_l,13,situps,other,19.241748085143854,10,10,0
w08,P0,sw_l,14,situps,other,20.76083346028713,10,11,1
w08,P0,sw_l,15,tricep_extensions,other,21.334710157562995,10,10,0
w08,P0,sw_l,16,tricep_extensions,other,21.87482940205814,10,10,0
w08,P0,sw_l,17,tricep_extensions,other,20.288229121353424,10,10,0
w08,P0,sw_l,18,bicep_curls,curl,20.22071421579176,10,10,0
w08,P0,sw_l,19,bicep_curls,curl,20.288229121353424,10,10,0
w08,P0,sw_l,20,bicep_curls,curl,23.832761663353494,11,10,-1
w08,P0,sw_l,21,lunges,other,31.563218350192074,10,18,8
w08,P0,sw_l,22,lunges,other,29.436498824991986,10,14,4
w08,P0,sw_l,23,lunges,other,27.546081469258525,10,14,4
w08,P0,sw_l,24,lateral_shoulder_raises,raise,23.225127513296684,10,9,-1
w08,P0,sw_l,25,lateral_shoulder_raises,raise,25.08178741624897,10,11,1
w08,P0,sw_l,26,lateral_shoulder_raises,raise,24.642940530096666,10,10,0
w08,P0,sw_l,27,lateral_shoulder_raises,raise,22.82003807992487,10,10,0
w08,P0,sw_l,28,jumping_jacks,other,10.194750739848132,10,10,0
w08,P0,sw_l,29,jumping_jacks,other,10.296023098191199,10,9,-1
w08,P0,sw_l,30,jumping_jacks,other,9.958448570381279,10,9,-1
w08,P0,sw_l,31,jumping_jacks,other,9.890933664819386,10,8,-2
w08,P0,sw_r,0,squats,squat,17.452603087753303,10,12,2
w08,P0,sw_r,1,squats,squat,17.722662710000932,10,14,4
w08,P0,sw_r,2,squats,squat,17.317573276629474,10,14,4
w08,P0,sw_r,3,pushups,other,13.70552582906734,10,9,-1
w08,P0,sw_r,4,pushups,other,16.271092240419904,10,11,1
w08,P0,sw_r,5,pushups,other,14.920794129181786,10,10,0
w08,P0,sw_r,6,dumbbell_shoulder_press,press,22.077374118744046,10,17,7
w08,P0,sw_r,7,dumbbell_shoulder_press,press,23.393914777201303,10,18,8
w08,P0,sw_r,8,dumbbell_shoulder_press,press,23.090097702172557,10,19,9
w08,P0,sw_r,9,dumbbell_rows,other,21.19968034643921,10,9,-1
w08,P0,sw_r,10,dumbbell_rows,other,20.389501479696378,10,11,1
w08,P0,sw_r,11,dumbbell_rows,other,21.976101760401207,10,11,1
w08,P0,sw_r,12,situps,other,18.802901198991435,10,10,0
w08,P0,sw_r,13,situps,other,19.241748085143854,10,10,0
w08,P0,sw_r,14,situps,other,20.76083346028713,10,11,1
w08,P0,sw_r,15,tricep_extensions,other,21.334710157562995,10,10,0
w08,P0,sw_r,16,tricep_extensions,other,21.87482940205814,10,9,-1
w08,P0,sw_r,17,tricep_extensions,other,20.288229121353424,10,9,-1
w08,P0,sw_r,18,bicep_curls,curl,20.22071421579176,10,10,0
w08,P0,sw_r,19,bicep_curls,curl,20.288229121353424,10,11,1
w08,P0,sw_r,20,bicep_curls,curl,23.832761663353494,11,11,0
w08,P0,sw_r,21,lunges,other,31.563218350192074,10,16,6
w08,P0,sw_r,22,lunges,other,29.436498824991986,10,15,5
w08,P0,sw_r,23,lunges,other,27.546081469258525,10,17,7
w08,P0,sw_r,24,lateral_shoulder_raises,raise,23.225127513296684,10,10,0
w08,P0,sw_r,25,lateral_shoulder_raises,raise,25.08178741624897,10,11,1
w08,P0,sw_r,26,lateral_shoulder_raises,raise,24.642940530096666,10,10,0
w08,P0,sw_r,27,lateral_shoulder_raises,raise,22.82003807992487,10,11,1
w08,P0,sw_r,28,jumping_jacks,other,10.194750739848132,10,9,-1
w08,P0,sw_r,29,jumping_jacks,other,10.296023098191199,10,10,0
w08,P0,sw_r,30,jumping_jacks,other,9.958448570381279,10,9,-1
w08,P0,sw_r,31,jumping_jacks,other,9.890933664819386,10,8,-2
w09,P1,sw_l,0,squats,squat,25.38505900821174,10,10,0
w09,P1,sw_l,1,squats,squat,21.399805681065004,10,9,-1
w09,P1,sw_l,2,squats,squat,24.045478057910373,10,10,0
w09,P1,sw_l,3,pushups,other,16.64429330749499,10,9,-1
w09,P1,sw_l,4,pushups,other,19.022049494279997,10,10,0
w09,P1,sw_l,5,pushups,other,19.892777111975988,10,10,0
w09,P1,sw_l,6,dumbbell_shoulder_press,press,26.28927614966517,10,16,6
w09,P1,sw_l,7,dumbbell_shoulder_press,press,27.662346623724034,10,14,4
w09,P1,sw_l,8,dumbbell_shoulder_press,press,22.7393866313663,10,13,3
w09,P1,sw_l,9,lunges,other,29.772186620448792,10,21,11
w09,P1,sw_l,10,lunges,other,29.001927574025785,10,19,9
w09,P1,sw_l,11,lunges,other,28.030731385057152,10,18,8
w09,P1,sw_l,12,dumbbell_rows,other,16.24241902240442,10,9,-1
w09,P1,sw_l,13,dumbbell_rows,other,16.97918854507043,10,9,-1
w09,P1,sw_l,14,dumbbell_rows,other,18.38574854288686,10,10,0
w09,P1,sw_l,15,situps,other,29.135885669055597,10,10,0
w09,P1,sw_l,16,situps,other,29.671718049176434,10,10,0
w09,P1,sw_l,17,situps,other,31.781558045900965,10,12,2
w09,P1,sw_l,18,tricep_extensions,other,23.87803043912254,10,9,-1
w09,P1,sw_l,19,tricep_extensions,other,23.007302821426947,10,10,0
w09,P1,sw_l,20,tricep_extensions,other,23.20823996397212,10,10,0
w09,P1,sw_l,21,bicep_curls,curl,27.9972418612997,14,13,-1
w09,P1,sw_l,22,bicep_curls,curl,17.749447591493663,10,10,0
w09,P1,sw_l,23,bicep_curls,curl,16.17543997488974,10,9,-1
w09,P1,sw_l,24,lateral_shoulder_raises,raise,19.055539018037507,10,9,-1
w09,P1,sw_l,25,lateral_shoulder_raises,raise,19.08902854179496,10,9,-1
w09,P1,sw_l,26,lateral_shoulder_raises,raise,17.916895210281837,10,9,-1
w09,P1,sw_l,27,jumping_jacks,other,10.381752364835393,10,10,0
w09,P1,sw_l,28,jumping_jacks,other,10.683158078653832,10,10,0
w09,P1,sw_l,29,jumping_jacks,other,10.616179031138472,10,9,-1
w09,P1,sw_r,0,squats,squat,25.38505900821174,10,12,2
w09,P1,sw_r,1,squats,squat,21.399805681065004,10,9,-1
w09,P1,sw_r,2,squats,squat,24.045478057910373,10,10,0
w09,P1,sw_r,3,pushups,other,16.64429330749499,10,9,-1
w09,P1,sw_r,4,pushups,other,19.022049494279997,10,10,0
w09,P1,sw_r,5,pushups,other,19.892777111975988,10,10,0
w09,P1,sw_r,6,dumbbell_shoulder_press,press,26.28927614966517,10,14,4
w09,P1,sw_r,7,dumbbell_shoulder_press,press,27.662346623724034,10,13,3
w09,P1,sw_r,8,dumbbell_shoulder_press,press,22.7393866313663,10,15,5
w09,P1,sw_r,9,lunges,other,29.772186620448792,10,20,10
w09,P1,sw_r,10,lunges,other,29.001927574025785,10,17,7
w09,P1,sw_r,11,lunges,other,28.030731385057152,10,15,5
w09,P1,sw_r,12,dumbbell_rows,other,16.24241902240442,10,10,0
w09,P1,sw_r,13,dumbbell_rows,other,16.97918854507043,10,10,0
w09,P1,sw_r,14,dumbbell_rows,other,18.38574854288686,10,10,0
w09,P1,sw_r,15,situps,other,29.135885669055597,10,10,0
w09,P1,sw_r,16,situps,other,29.671718049176434,10,10,0
w09,P1,sw_r,17,situps,other,31.781558045900965,10,11,1
w09,P1,sw_r,18,tricep_extensions,other,23.87803043912254,10,9,-1
w09,P1,sw_r,19,tricep_extensions,other,23.007302821426947,10,10,0
w09,P1,sw_r,20,tricep_extensions,other,23.20823996397212,10,9,-1
w09,P1,sw_r,21,bicep_curls,curl,27.9972418612997,14,14,0
w09,P1,sw_r,22,bicep_curls,curl,17.749447591493663,10,10,0
w09,P1,sw_r,23,bicep_curls,curl,16.17543997488974,10,7,-3
w09,P1,sw_r,24,lateral_shoulder_raises,raise,19.055539018037507,10,9,-1
w09,P1,sw_r,25,lateral_shoulder_raises,raise,19.08902854179496,10,10,0
w09,P1,sw_r,26,lateral_shoulder_raises,raise,17.916895210281837,10,10,0
w09,P1,sw_r,27,jumping_jacks,other,10.381752364835393,10,10,0
w09,P1,sw_r,28,jumping_jacks,other,10.683158078653832,10,10,0
w09,P1,sw_r,29,jumping_jacks,other,10.616179031138472,10,9,-1
w10,P0,sw_l,0,squats,squat,19.595514327097106,10,17,7
w10,P0,sw_l,1,squats,squat,18.580202703931434,10,17,7
w10,P0,sw_l,2,squats,squat,20.949263157984603,10,17,7
w10,P0,sw_l,3,pushups,other,17.26029759381609,10,10,0
w10,P0,sw_l,4,pushups,other,16.955704106866392,10,10,0
w10,P0,sw_l,5,pushups,other,17.70026596385452,10,10,0
w10,P0,sw_l,6,dumbbell_shoulder_press,press,23.995198027481592,10,18,8
w10,P0,sw_l,7,dumbbell_shoulder_press,press,24.841291046786182,10,17,7
w10,P0,sw_l,8,dumbbell_shoulder_press,press,25.484321741457848,10,19,9
w10,P0,sw_l,9,lunges,other,32.18537845435105,10,26,16
w10,P0,sw_l,10,lunges,other,31.813097525857188,10,28,18
w10,P0,sw_l,11,lunges,other,30.49319241574176,10,28,18
w10,P0,sw_l,12,dumbbell_rows,other,21.727668735745056,10,10,0
w10,P0,sw_l,13,dumbbell_rows,other,21.930731060378093,10,11,1
w10,P0,sw_l,14,dumbbell_rows,other,20.576982229490568,10,10,0
w10,P0,sw_l,15,situps,other,20.91541943721245,10,11,1
w10,P0,sw_l,16,situps,other,21.490762690339807,10,10,0
w10,P0,sw_l,17,situps,other,21.86304361883367,10,10,0
w10,P0,sw_l,18,tricep_extensions,other,21.693825014972845,10,9,-1
w10,P0,sw_l,19,tricep_extensions,other,21.82919989806146,10,9,-1
w10,P0,sw_l,20,tricep_extensions,other,21.69382501497239,10,10,0
w10,P0,sw_l,21,bicep_curls,curl,22.64144919659384,10,10,0
w10,P0,sw_l,22,bicep_curls,curl,21.86304361883367,10,9,-1
w10,P0,sw_l,23,bicep_curls,curl,23.318323612037602,10,9,-1
w10,P0,sw_l,24,lateral_shoulder_raises,raise,24.23210407288707,10,9,-1
w10,P0,sw_l,25,lateral_shoulder_raises,raise,22.97988640431595,10,10,0
w10,P0,sw_l,26,lateral_shoulder_raises,raise,22.84451152122756,10,10,0
w10,P0,sw_l,27,jumping_jacks,other,10.626928322466938,10,10,0
w10,P0,sw_l,28,jumping_jacks,other,10.017741348567142,10,7,-3
w10,P0,sw_l,29,jumping_jacks,other,10.39002227706169,10,9,-1
w10,P0,sw_r,0,squats,squat,19.595514327097106,10,10,0
w10,P0,sw_r,1,squats,squat,18.580202703931434,10,15,5
w10,P0,sw_r,2,squats,squat,20.949263157984603,10,17,7
w10,P0,sw_r,3,pushups,other,17.26029759381609,10,9,-1
w10,P0,sw_r,4,pushups,other,16.955704106866392,10,10,0
w10,P0,sw_r,5,pushups,other,17.70026596385452,10,9,-1
w10,P0,sw_r,6,dumbbell_shoulder_press,press,23.995198027481592,10,18,8
w10,P0,sw_r,7,dumbbell_shoulder_press,press,24.841291046786182,10,18,8
w10,P0,sw_r,8,dumbbell_shoulder_press,press,25.484321741457848,10,18,8
w10,P0,sw_r,9,lunges,other,32.18537845435105,10,26,16
w10,P0,sw_r,10,lunges,other,31.813097525857188,10,28,18
w10,P0,sw_r,11,lunges,other,30.49319241574176,10,28,18
w10,P0,sw_r,12,dumbbell_rows,other,21.727668735745056,10,16,6
w10,P0,sw_r,13,dumbbell_rows,other,21.930731060378093,10,11,1
w10,P0,sw_r,14,dumbbell_rows,other,20.576982229490568,10,11,1
w10,P0,sw_r,15,situps,other,20.91541943721245,10,11,1
w10,P0,sw_r,16,situps,other,21.490762690339807,10,10,0
w10,P0,sw_r,17,situps,other,21.86304361883367,10,10,0
w10,P0,sw_r,18,tricep_extensions,other,21.693825014972845,10,9,-1
w10,P0,sw_r,19,tricep_extensions,other,21.82919989806146,10,10,0
w10,P0,sw_r,20,tricep_extensions,other,21.69382501497239,10,9,-1
w10,P0,sw_r,21,bicep_curls,curl,22.64144919659384,10,10,0
w10,P0,sw_r,22,bicep_curls,curl,21.86304361883367,10,11,1
w10,P0,sw_r,23,bicep_curls,curl,23.318323612037602,10,10,0
w10,P0,sw_r,24,lateral_shoulder_raises,raise,24.23210407288707,10,10,0
w10,P0,sw_r,25,lateral_shoulder_raises,raise,22.97988640431595,10,10,0
w10,P0,sw_r,26,lateral_shoulder_raises,raise,22.84451152122756,10,9,-1
w10,P0,sw_r,27,jumping_jacks,other,10.626928322466938,10,10,0
w10,P0,sw_r,28,jumping_jacks,other,10.017741348567142,10,8,-2
w10,P0,sw_r,29,jumping_jacks,other,10.39002227706169,10,8,-2
w11,P1,sw_l,0,squats,squat,25.772894211725088,10,11,1
w11,P1,sw_l,1,squats,squat,25.199413581359465,10,11,1
w11,P1,sw_l,2,squats,squat,23.580174154444762,10,10,0
w11,P1,sw_l,3,pushups,other,18.688721718973454,10,10,0
w11,P1,sw_l,4,pushups,other,19.46460727770335,10,9,-1
w11,P1,sw_l,5,pushups,other,17.035748137331325,10,10,0
w11,P1,sw_l,6,dumbbell_shoulder_press,press,26.042767449544158,10,16,6
w11,P1,sw_l,7,dumbbell_shoulder_press,press,24.895806188813026,10,15,5
w11,P1,sw_l,8,dumbbell_shoulder_press,press,25.098211117177243,10,12,2
w11,P1,sw_l,9,lunges,other,31.74383959847296,10,21,11
w11,P1,sw_l,10,lunges,other,30.1246001715582,10,20,10
w11,P1,sw_l,11,lunges,other,28.53909489937098,10,21,11
w11,P1,sw_l,12,dumbbell_rows,other,19.97061959861435,10,11,1
w11,P1,sw_l,13,dumbbell_rows,other,18.587519254791232,10,12,2
w11,P1,sw_l,14,dumbbell_rows,other,18.452582635881527,10,11,1
w11,P1,sw_l,15,situps,other,30.5968783377416,10,11,1
w11,P1,sw_l,16,situps,other,32.755864240294386,10,12,2
w11,P1,sw_l,17,situps,other,35.28592584484886,10,17,7
w11,P1,sw_l,18,tricep_extensions,other,24.490996332084478,10,10,0
w11,P1,sw_l,19,tricep_extensions,other,24.423528022629625,10,9,-1
w11,P1,sw_l,20,tricep_extensions,other,23.816313237536406,10,9,-1
w11,P1,sw_l,21,bicep_curls,curl,21.421188251891863,10,10,0
w11,P1,sw_l,22,bicep_curls,curl,20.780239312071444,10,9,-1
w11,P1,sw_l,23,bicep_curls,curl,19.86941713443207,10,10,0
w11,P1,sw_l,24,lateral_shoulder_raises,raise,31.91251037211009,10,15,5
w11,P1,sw_l,25,lateral_shoulder_raises,raise,26.88612131772902,10,9,-1
w11,P1,sw_l,26,lateral_shoulder_raises,raise,27.493336102822013,10,10,0
w11,P1,sw_l,27,jumping_jacks,other,10.491322120217774,10,9,-1
w11,P1,sw_l,28,jumping_jacks,other,10.491322120218229,10,9,-1
w11,P1,sw_l,29,jumping_jacks,other,10.491322120218229,10,9,-1
w11,P1,sw_r,0,squats,squat,25.772894211725088,10,12,2
w11,P1,sw_r,1,squats,squat,25.199413581359465,10,11,1
w11,P1,sw_r,2,squats,squat,23.580174154444762,10,11,1
w11,P1,sw_r,3,pushups,other,18.688721718973454,10,10,0
w11,P1,sw_r,4,pushups,other,19.46460727770335,10,10,0
w11,P1,sw_r,5,pushups,other,17.035748137331325,10,10,0
w11,P1,sw_r,6,dumbbell_shoulder_press,press,26.042767449544158,10,12,2
w11,P1,sw_r,7,dumbbell_shoulder_press,press,24.895806188813026,10,14,4
w11,P1,sw_r,8,dumbbell_shoulder_press,press,25.098211117177243,10,15,5
w11,P1,sw_r,9,lunges,other,31.74383959847296,10,18,8
w11,P1,sw_r,10,lunges,other,30.1246001715582,10,18,8
w11,P1,sw_r,11,lunges,other,28.53909489937098,10,19,9
w11,P1,sw_r,12,dumbbell_rows,other,19.97061959861435,10,10,0
w11,P1,sw_r,13,dumbbell_rows,other,18.587519254791232,10,10,0
w11,P1,sw_r,14,dumbbell_rows,other,18.452582635881527,10,10,0
w11,P1,sw_r,15,situps,other,30.5968783377416,10,12,2
w11,P1,sw_r,16,situps,other,32.755864240294386,10,11,1
w11,P1,sw_r,17,situps,other,35.28592584484886,10,15,5
w11,P1,sw_r,18,tricep_extensions,other,24.490996332084478,10,9,-1
w11,P1,sw_r,19,tricep_extensions,other,24.423528022629625,10,10,0
w11,P1,sw_r,20,tricep_extensions,other,23.816313237536406,10,9,-1
w11,P1,sw_r,21,bicep_curls,curl,21.421188251891863,10,10,0
w11,P1,sw_r,22,bicep_curls,curl,20.780239312071444,10,10,0
w11,P1,sw_r,23,bicep_curls,curl,19.86941713443207,10,10,0
w11,P1,sw_r,24,lateral_shoulder_raises,raise,31.91251037211009,10,18,8
w11,P1,sw_r,25,lateral_shoulder_raises,raise,26.88612131772902,10,10,0
w11,P1,sw_r,26,lateral_shoulder_raises,raise,27.493336102822013,10,12,2
w11,P1,sw_r,27,jumping_jacks,other,10.491322120217774,10,8,-2
w11,P1,sw_r,28,jumping_jacks,other,10.491322120218229,10,9,-1
w11,P1,sw_r,29,jumping_jacks,other,10.491322120218229,10,10,0
w12,P3,sw_l,0,squats,squat,18.284255206331324,10,19,9
w12,P3,sw_l,1,squats,squat,17.416754046906817,10,18,8
w12,P3,sw_l,2,squats,squat,18.017331772662203,10,19,9
w12,P3,sw_l,3,pushups,other,11.244149643309584,10,9,-1
w12,P3,sw_l,4,pushups,other,12.345208807194524,10,9,-1
w12,P3,sw_l,5,pushups,other,13.813287692374388,10,10,0
w12,P3,sw_l,6,dumbbell_shoulder_press,press,21.18704754748245,10,11,1
w12,P3,sw_l,7,dumbbell_shoulder_press,press,18.08406263107952,10,11,1
w12,P3,sw_l,8,dumbbell_shoulder_press,press,16.248964024604675,10,11,1
w12,P3,sw_l,9,lunges,other,22.821953578705575,10,19,9
w12,P3,sw_l,10,lunges,other,20.920124113813472,10,19,9
w12,P3,sw_l,11,lunges,other,21.08695125985662,10,20,10
w12,P3,sw_l,12,dumbbell_rows,other,14.513961705755719,10,10,0
w12,P3,sw_l,13,dumbbell_rows,other,11.744631081439138,10,10,0
w12,P3,sw_l,14,dumbbell_rows,other,11.978189085899658,10,10,0
w12,P3,sw_l,15,situps,other,22.922049866331463,10,18,8
w12,P3,sw_l,16,situps,other,20.453008104892433,10,14,4
w12,P3,sw_l,17,situps,other,20.319546388057915,10,13,3
w12,P3,sw_l,18,tricep_extensions,other,12.34520880719424,10,10,0
w12,P3,sw_l,19,tricep_extensions,other,12.311843377985497,10,10,0
w12,P3,sw_l,20,tricep_extensions,other,12.345208807194922,11,10,-1
w12,P3,sw_l,21,bicep_curls,curl,12.145016231942463,10,8,-2
w12,P3,sw_r,0,squats,squat,18.284255206331324,10,19,9
w12,P3,sw_r,1,squats,squat,17.416754046906817,10,19,9
w12,P3,sw_r,2,squats,squat,18.017331772662203,10,20,10
w12,P3,sw_r,3,pushups,other,11.244149643309584,10,10,0
w12,P3,sw_r,4,pushups,other,12.345208807194524,10,10,0
w12,P3,sw_r,5,pushups,other,13.813287692374388,10,10,0
w12,P3,sw_r,6,dumbbell_shoulder_press,press,21.18704754748245,10,11,1
w12,P3,sw_r,7,dumbbell_shoulder_press,press,18.08406263107952,10,12,2
w12,P3,sw_r,8,dumbbell_shoulder_press,press,16.248964024604675,10,11,1
w12,P3,sw_r,9,lunges,other,22.821953578705575,10,20,10
w12,P3,sw_r,10,lunges,other,20.920124113813472,10,18,8
w12,P3,sw_r,11,lunges,other,21.08695125985662,10,19,9
w12,P3,sw_r,12,dumbbell_rows,other,14.513961705755719,10,10,0
w12,P3,sw_r,13,dumbbell_rows,other,11.744631081439138,10,10,0
w12,P3,sw_r,14,dumbbell_rows,other,11.978189085899658,10,9,-1
w12,P3,sw_r,15,situps,other,22.922049866331463,10,17,7
w12,P3,sw_r,16,situps,other,20.453008104892433,10,13,3
w12,P3,sw_r,17,situps,other,20.319546388057915,10,12,2
w12,P3,sw_r,18,tricep_extensions,other,12.34520880719424,10,9,-1
w12,P3,sw_r,19,tricep_extensions,other,12.311843377985497,10,9,-1
w12,P3,sw_r,20,tricep_extensions,other,12.345208807194922,11,10,-1
w12,P3,sw_r,21,bicep_curls,curl,12.145016231942463,10,7,-3
w13,P4,sw_l,0,squats,squat,21.15081675620803,10,5,-5
w13,P4,sw_l,1,squats,squat,21.46015228463517,10,8,-2
w13,P4,sw_l,2,squats,squat,19.52680523196534,10,4,-6
w13,P4,sw_l,3,pushups,other,15.041440069771284,10,8,-2
w13,P4,sw_l,4,pushups,other,14.500102895023758,10,12,2
w13,P4,sw_l,5,pushups,other,13.572096309742278,10,10,0
w13,P4,sw_l,6,dumbbell_shoulder_press,press,20.648146522513798,10,16,6
w13,P4,sw_l,7,dumbbell_shoulder_press,press,19.75880687828578,10,17,7
w13,P4,sw_l,8,dumbbell_shoulder_press,press,18.366797000363363,10,15,5
w13,P4,sw_l,9,lunges,other,30.2762148448096,10,16,6
w13,P4,sw_l,10,lunges,other,32.2868957795863,10,21,11
w13,P4,sw_l,11,lunges,other,26.796190150003895,10,15,5
w13,P4,sw_l,12,dumbbell_rows,other,13.958765720276233,10,8,-2
w13,P4,sw_l,13,dumbbell_rows,other,12.605422783407448,10,2,-8
w13,P4,sw_l,14,dumbbell_rows,other,14.345435130810301,10,7,-3
w13,P4,sw_l,15,situps,other,29.425542141634878,10,11,1
w13,P4,sw_l,16,situps,other,26.564188503683454,10,12,2
w13,P4,sw_l,17,situps,other,29.00020579004763,11,13,2
w13,P4,sw_l,18,tricep_extensions,other,18.405463941416883,10,9,-1
w13,P4,sw_l,19,tricep_extensions,other,19.3721374677516,10,10,0
w13,P4,sw_l,20,tricep_extensions,other,17.51612429718898,10,11,1
w13,P4,sw_l,21,bicep_curls,curl,16.16278136031997,10,8,-2
w13,P4,sw_l,22,bicep_curls,curl,14.732104541344142,10,7,-3
w13,P4,sw_l,23,bicep_curls,curl,22.92949604466412,12,12,0
w13,P4,sw_l,24,lateral_shoulder_raises,raise,18.289463118256208,10,8,-2
w13,P4,sw_l,25,lateral_shoulder_raises,raise,18.830800293003904,10,11,1
w13,P4,sw_l,26,lateral_shoulder_raises,raise,20.106809347765648,10,12,2
w13,P4,sw_l,27,jumping_jacks,other,13.494762427635578,11,6,-5
w13,P4,sw_l,28,jumping_jacks,other,11.986751726552939,11,0,-11
w13,P4,sw_l,29,jumping_jacks,other,12.914758311834703,10,7,-3
w13,P4,sw_r,0,squats,squat,21.15081675620803,10,4,-6
w13,P4,sw_r,1,squats,squat,21.46015228463517,10,4,-6
w13,P4,sw_r,2,squats,squat,19.52680523196534,10,3,-7
w13,P4,sw_r,3,pushups,other,15.041440069771284,10,5,-5
w13,P4,sw_r,4,pushups,other,14.500102895023758,10,11,1
w13,P4,sw_r,5,pushups,other,13.572096309742278,10,9,-1
w13,P4,sw_r,6,dumbbell_shoulder_press,press,20.648146522513798,10,12,2
w13,P4,sw_r,7,dumbbell_shoulder_press,press,19.75880687828578,10,11,1
w13,P4,sw_r,8,dumbbell_shoulder_press,press,18.366797000363363,10,8,-2
w13,P4,sw_r,9,lunges,other,30.2762148448096,10,16,6
w13,P4,sw_r,10,lunges,other,32.2868957795863,10,20,10
w13,P4,sw_r,11,lunges,other,26.796190150003895,10,16,6
w13,P4,sw_r,12,dumbbell_rows,other,13.958765720276233,10,8,-2
w13,P4,sw_r,13,dumbbell_rows,other,12.605422783407448,10,3,-7
w13,P4,sw_r,14,dumbbell_rows,other,14.345435130810301,10,8,-2
w13,P4,sw_r,15,situps,other,29.425542141634878,10,12,2
w13,P4,sw_r,16,situps,other,26.564188503683454,10,11,1
w13,P4,sw_r,17,situps,other,29.00020579004763,11,13,2
w13,P4,sw_r,18,tricep_extensions,other,18.405463941416883,10,10,0
w13,P4,sw_r,19,tricep_extensions,other,19.3721374677516,10,10,0
w13,P4,sw_r,20,tricep_extensions,other,17.51612429718898,10,11,1
w13,P4,sw_r,21,bicep_curls,curl,16.16278136031997,10,8,-2
w13,P4,sw_r,22,bicep_curls,curl,14.732104541344142,10,6,-4
w13,P4,sw_r,23,bicep_curls,curl,22.92949604466412,12,13,1
w13,P4,sw_r,24,lateral_shoulder_raises,raise,18.289463118256208,10,7,-3
w13,P4,sw_r,25,lateral_shoulder_raises,raise,18.830800293003904,10,10,0
w13,P4,sw_r,26,lateral_shoulder_raises,raise,20.106809347765648,10,11,1
w13,P4,sw_r,27,jumping_jacks,other,13.494762427635578,11,6,-5
w13,P4,sw_r,28,jumping_jacks,other,11.986751726552939,11,0,-11
w13,P4,sw_r,29,jumping_jacks,other,12.914758311834703,10,4,-6
w14,P0,sw_l,0,squats,squat,17.233065646430738,10,16,6
w14,P0,sw_l,1,squats,squat,17.334436620821506,10,19,9
w14,P0,sw_l,2,squats,squat,17.13169467203994,10,17,7
w14,P0,sw_l,3,pushups,other,16.624839800086107,10,10,0
w14,P0,sw_l,4,pushups,other,14.36088803869228,10,10,0
w14,P0,sw_l,5,pushups,other,15.171855833818483,10,10,0
w14,P0,sw_l,6,dumbbell_shoulder_press,press,22.065082092390696,10,18,8
w14,P0,sw_l,7,dumbbell_shoulder_press,press,22.808469237922964,10,18,8
w14,P0,sw_l,8,dumbbell_shoulder_press,press,22.876049887516842,10,18,8
w14,P0,sw_l,9,dumbbell_rows,other,19.02395286066769,10,10,0
w14,P0,sw_l,10,dumbbell_rows,other,18.41572701432301,10,10,0
w14,P0,sw_l,11,dumbbell_rows,other,18.821210911886055,10,11,1
w14,P0,sw_l,12,situps,other,19.260485134246096,10,10,0
w14,P0,sw_l,13,situps,other,20.0714529293723,10,13,3
w14,P0,sw_l,14,situps,other,19.12532383505834,10,10,0
w14,P0,sw_l,15,tricep_extensions,other,21.65959819482748,10,10,0
w14,P0,sw_l,16,tricep_extensions,other,20.206614228560056,10,10,0
w14,P0,sw_l,17,tricep_extensions,other,21.456856246045845,10,10,0
w14,P0,sw_l,18,bicep_curls,curl,19.497017407824615,10,9,-1
w14,P0,sw_l,19,bicep_curls,curl,19.834920655793667,10,10,0
w14,P0,sw_l,20,bicep_curls,curl,19.80113033099724,10,9,-1
w14,P0,sw_l,21,lateral_shoulder_raises,raise,21.896130468406,10,10,0
w14,P0,sw_l,22,lateral_shoulder_raises,raise,23.349114434673993,10,10,0
w14,P0,sw_l,23,lateral_shoulder_raises,raise,21.625807870030712,10,10,0
w14,P0,sw_l,24,lunges,other,28.14734055583699,10,24,14
w14,P0,sw_l,25,lunges,other,27.370163085507556,10,15,5
w14,P0,sw_l,26,lunges,other,26.390243666397055,10,14,4
w14,P0,sw_l,27,jumping_jacks,other,9.73161354151398,10,9,-1
w14,P0,sw_l,28,jumping_jacks,other,10.745323285421591,11,9,-2
w14,P0,sw_l,29,jumping_jacks,other,9.900565165498165,10,8,-2
w14,P0,sw_r,0,squats,squat,17.233065646430738,10,15,5
w14,P0,sw_r,1,squats,squat,17.334436620821506,10,20,10
w14,P0,sw_r,2,squats,squat,17.13169467203994,10,14,4
w14,P0,sw_r,3,pushups,other,16.624839800086107,10,10,0
w14,P0,sw_r,4,pushups,other,14.36088803869228,10,10,0
w14,P0,sw_r,5,pushups,other,15.171855833818483,10,10,0
w14,P0,sw_r,6,dumbbell_shoulder_press,press,22.065082092390696,10,17,7
w14,P0,sw_r,7,dumbbell_shoulder_press,press,22.808469237922964,10,17,7
w14,P0,sw_r,8,dumbbell_shoulder_press,press,22.876049887516842,10,18,8
w14,P0,sw_r,9,dumbbell_rows,other,19.02395286066769,10,10,0
w14,P0,sw_r,10,dumbbell_rows,other,18.41572701432301,10,10,0
w14,P0,sw_r,11,dumbbell_rows,other,18.821210911886055,10,11,1
w14,P0,sw_r,12,situps,other,19.260485134246096,10,9,-1
w14,P0,sw_r,13,situps,other,20.0714529293723,10,14,4
w14,P0,sw_r,14,situps,other,19.12532383505834,10,10,0
w14,P0,sw_r,15,tricep_extensions,other,21.65959819482748,10,10,0
w14,P0,sw_r,16,tricep_extensions,other,20.206614228560056,10,10,0
w14,P0,sw_r,17,tricep_extensions,other,21.456856246045845,10,10,0
w14,P0,sw_r,18,bicep_curls,curl,19.497017407824615,10,10,0
w14,P0,sw_r,19,bicep_curls,curl,19.834920655793667,10,10,0
w14,P0,sw_r,20,bicep_curls,curl,19.80113033099724,10,10,0
w14,P0,sw_r,21,lateral_shoulder_raises,raise,21.896130468406,10,10,0
w14,P0,sw_r,22,lateral_shoulder_raises,raise,23.349114434673993,10,10,0
w14,P0,sw_r,23,lateral_shoulder_raises,raise,21.625807870030712,10,10,0
w14,P0,sw_r,24,lunges,other,28.14734055583699,10,17,7
w14,P0,sw_r,25,lunges,other,27.370163085507556,10,19,9
w14,P0,sw_r,26,lunges,other,26.390243666397055,10,16,6
w14,P0,sw_r,27,jumping_jacks,other,9.73161354151398,10,9,-1
w14,P0,sw_r,28,jumping_jacks,other,10.745323285421591,11,9,-2
w14,P0,sw_r,29,jumping_jacks,other,9.900565165498165,10,9,-1
w15,P1,sw_l,0,squats,squat,23.850133402837344,10,10,0
w15,P1,sw_l,1,squats,squat,24.588112214176903,10,10,0
w15,P1,sw_l,2,squats,squat,21.56910798596965,10,11,1
w15,P1,sw_l,3,pushups,other,14.960843175338255,10,9,-1
w15,P1,sw_l,4,pushups,other,15.329832581007963,10,9,-1
w15,P1,sw_l,5,pushups,other,15.027932158187241,10,10,0
w15,P1,sw_l,6,dumbbell_shoulder_press,press,26.33242576825222,10,9,-1
w15,P1,sw_l,7,dumbbell_shoulder_press,press,26.26533678540318,10,10,0
w15,P1,sw_l,8,dumbbell_shoulder_press,press,27.305216019563545,10,10,0
w15,P1,sw_l,9,lunges,other,26.936226613893723,10,20,10
w15,P1,sw_l,10,lunges,other,27.37230500241253,10,20,10
w15,P1,sw_l,11,lunges,other,27.036860088167145,10,19,9
w15,P1,sw_l,12,dumbbell_rows,other,16.80579020368714,10,10,0
w15,P1,sw_l,13,dumbbell_rows,other,17.745035963573855,10,10,0
w15,P1,sw_l,14,dumbbell_rows,other,17.107690626507974,10,10,0
w15,P1,sw_l,15,situps,other,31.0621990591103,10,10,0
w15,P1,sw_l,16,situps,other,33.27613549312878,10,14,4
w15,P1,sw_l,17,situps,other,32.70587913891222,10,15,5
w15,P1,sw_l,18,tricep_extensions,other,20.26087282041317,10,10,0
w15,P1,sw_l,19,tricep_extensions,other,19.925427906167897,10,10,0
w15,P1,sw_l,20,tricep_extensions,other,19.220993586252916,10,10,0
w15,P1,sw_l,21,bicep_curls,curl,18.483014774913045,10,10,0
w15,P1,sw_l,22,bicep_curls,curl,18.650737232035908,10,9,-1
w15,P1,sw_l,23,bicep_curls,curl,18.382381300639963,10,9,-1
w15,P1,sw_l,24,lateral_shoulder_raises,raise,29.3514299964595,10,13,3
w15,P1,sw_l,25,lateral_shoulder_raises,raise,26.902682122469287,10,11,1
w15,P1,sw_l,26,lateral_shoulder_raises,raise,24.48747873990328,9,13,4
w15,P1,sw_l,27,jumping_jacks,other,10.633603781574493,10,10,0
w15,P1,sw_l,28,jumping_jacks,other,10.33170335875343,10,9,-1
w15,P1,sw_l,29,jumping_jacks,other,10.398792341602757,10,9,-1
w15,P1,sw_r,0,squats,squat,23.850133402837344,10,10,0
w15,P1,sw_r,1,squats,squat,24.588112214176903,10,10,0
w15,P1,sw_r,2,squats,squat,21.56910798596965,10,10,0
w15,P1,sw_r,3,pushups,other,14.960843175338255,10,10,0
w15,P1,sw_r,4,pushups,other,15.329832581007963,10,10,0
w15,P1,sw_r,5,pushups,other,15.027932158187241,10,10,0
w15,P1,sw_r,6,dumbbell_shoulder_press,press,26.33242576825222,10,15,5
w15,P1,sw_r,7,dumbbell_shoulder_press,press,26.26533678540318,10,13,3
w15,P1,sw_r,8,dumbbell_shoulder_press,press,27.305216019563545,10,12,2
w15,P1,sw_r,9,lunges,other,26.936226613893723,10,19,9
w15,P1,sw_r,10,lunges,other,27.37230500241253,10,19,9
w15,P1,sw_r,11,lunges,other,27.036860088167145,10,18,8
w15,P1,sw_r,12,dumbbell_rows,other,16.80579020368714,10,10,0
w15,P1,sw_r,13,dumbbell_rows,other,17.745035963573855,10,10,0
w15,P1,sw_r,14,dumbbell_rows,other,17.107690626507974,10,10,0
w15,P1,sw_r,15,situps,other,31.0621990591103,10,10,0
w15,P1,sw_r,16,situps,other,33.27613549312878,10,11,1
w15,P1,sw_r,17,situps,other,32.70587913891222,10,11,1
w15,P1,sw_r,18,tricep_extensions,other,20.26087282041317,10,10,0
w15,P1,sw_r,19,tricep_extensions,other,19.925427906167897,10,10,0
w15,P1,sw_r,20,tricep_extensions,other,19.220993586252916,10,10,0
w15,P1,sw_r,21,bicep_curls,curl,18.483014774913045,10,10,0
w15,P1,sw_r,22,bicep_curls,curl,18.650737232035908,10,10,0
w15,P1,sw_r,23,bicep_curls,curl,18.382381300639963,10,10,0
w15,P1,sw_r,24,lateral_shoulder_raises,raise,29.3514299964595,10,12,2
w15,P1,sw_r,25,lateral_shoulder_raises,raise,26.902682122469287,10,10,0
w15,P1,sw_r,26,lateral_shoulder_raises,raise,24.48747873990328,9,10,1
w15,P1,sw_r,27,jumping_jacks,other,10.633603781574493,10,10,0
w15,P1,sw_r,28,jumping_jacks,other,10.33170335875343,10,10,0
w15,P1,sw_r,29,jumping_jacks,other,10.398792341602757,10,9,-1
w16,P5,sw_l,0,squats,squat,22.17545142386288,10,17,7
w16,P5,sw_l,1,squats,squat,18.845804062922525,10,17,7
w16,P5,sw_l,2,squats,squat,17.880206328249812,10,10,0
w16,P5,sw_l,3,pushups,other,13.1188106021051,10,9,-1
w16,P5,sw_l,4,pushups,other,24.306425734864717,10,10,0
w16,P5,sw_l,5,pushups,other,20.310848901736335,10,10,0
w16,P5,sw_l,6,pushups,other,21.509521951674856,10,10,0
w16,P5,sw_l,7,dumbbell_shoulder_press,press,26.836957729179403,10,11,1
w16,P5,sw_l,8,dumbbell_shoulder_press,press,24.8058728390057,10,10,0
w16,P5,sw_l,9,dumbbell_shoulder_press,press,24.672686944568227,10,10,0
w16,P5,sw_l,10,lunges,other,30.566162773432666,10,17,7
w16,P5,sw_l,11,lunges,other,28.035630779117923,10,19,9
w16,P5,sw_l,12,lunges,other,31.398574613667506,10,19,9
w16,P5,sw_l,13,dumbbell_rows,other,20.077773586470585,12,12,0
w16,P5,sw_l,14,dumbbell_rows,other,19.378547640672878,10,10,0
w16,P5,sw_l,15,dumbbell_rows,other,17.580538065765268,10,10,0
w16,P5,sw_l,16,situps,other,24.70598341817754,10,10,0
w16,P5,sw_l,17,situps,other,23.207642105754076,10,9,-1
w16,P5,sw_l,18,situps,other,14.350780125652818,6,6,0
w16,P5,sw_l,19,situps,other,22.974566790488552,10,10,0
w16,P5,sw_l,20,tricep_extensions,other,27.402997780538954,10,10,0
w16,P5,sw_l,21,tricep_extensions,other,25.704877626459847,10,10,0
w16,P5,sw_l,22,tricep_extensions,other,23.44071742102028,10,9,-1
w16,P5,sw_l,23,bicep_curls,curl,20.51062774339266,10,9,-1
w16,P5,sw_l,24,bicep_curls,curl,23.80697863072419,10,9,-1
w16,P5,sw_l,25,bicep_curls,curl,25.305319943146515,10,10,0
w16,P5,sw_l,26,lateral_shoulder_raises,raise,36.72601039117217,10,12,2
w16,P5,sw_l,27,lateral_shoulder_raises,raise,30.832534562307956,10,10,0
w16,P5,sw_l,28,lateral_shoulder_raises,raise,35.92689502454641,10,16,6
w16,P5,sw_l,29,jumping_jacks,other,1.298562470766683,1,0,-1
w16,P5,sw_l,30,jumping_jacks,other,11.587172816072325,10,10,0
w16,P5,sw_l,31,jumping_jacks,other,11.65376576329163,10,10,0
w16,P5,sw_l,32,jumping_jacks,other,11.786951657728878,10,10,0
w16,P5,sw_r,0,squats,squat,22.17545142386288,10,16,6
w16,P5,sw_r,1,squats,squat,18.845804062922525,10,15,5
w16,P5,sw_r,2,squats,squat,17.880206328249812,10,10,0
w16,P5,sw_r,3,pushups,other,13.1188106021051,10,9,-1
w16,P5,sw_r,4,pushups,other,24.306425734864717,10,10,0
w16,P5,sw_r,5,pushups,other,20.310848901736335,10,10,0
w16,P5,sw_r,6,pushups,other,21.509521951674856,10,10,0
w16,P5,sw_r,7,dumbbell_shoulder_press,press,26.836957729179403,10,10,0
w16,P5,sw_r,8,dumbbell_shoulder_press,press,24.8058728390057,10,10,0
w16,P5,sw_r,9,dumbbell_shoulder_press,press,24.672686944568227,10,10,0
w16,P5,sw_r,10,lunges,other,30.566162773432666,10,18,8
w16,P5,sw_r,11,lunges,other,28.035630779117923,10,18,8
w16,P5,sw_r,12,lunges,other,31.398574613667506,10,19,9
w16,P5,sw_r,13,dumbbell_rows,other,20.077773586470585,12,12,0
w16,P5,sw_r,14,dumbbell_rows,other,19.378547640672878,10,11,1
w16,P5,sw_r,15,dumbbell_rows,other,17.580538065765268,10,10,0
w16,P5,sw_r,16,situps,other,24.70598341817754,10,10,0
w16,P5,sw_r,17,situps,other,23.207642105754076,10,9,-1
w16,P5,sw_r,18,situps,other,14.350780125652818,6,7,1
w16,P5,sw_r,19,situps,other,22.974566790488552,10,10,0
w16,P5,sw_r,20,tricep_extensions,other,27.402997780538954,10,10,0
w16,P5,sw_r,21,tricep_extensions,other,25.704877626459847,10,10,0
w16,P5,sw_r,22,tricep_extensions,other,23.44071742102028,10,9,-1
w16,P5,sw_r,23,bicep_curls,curl,20.51062774339266,10,9,-1
w16,P5,sw_r,24,bicep_curls,curl,23.80697863072419,10,10,0
w16,P5,sw_r,25,bicep_curls,curl,25.305319943146515,10,10,0
w16,P5,sw_r,26,lateral_shoulder_raises,raise,36.72601039117217,10,13,3
w16,P5,sw_r,27,lateral_shoulder_raises,raise,30.832534562307956,10,10,0
w16,P5,sw_r,28,lateral_shoulder_raises,raise,35.92689502454641,10,15,5
w16,P5,sw_r,29,jumping_jacks,other,1.298562470766683,1,0,-1
w16,P5,sw_r,30,jumping_jacks,other,11.587172816072325,10,10,0
w16,P5,sw_r,31,jumping_jacks,other,11.65376576329163,10,10,0
w16,P5,sw_r,32,jumping_jacks,other,11.786951657728878,10,11,1
w17,P6,sw_l,0,squats,squat,23.560629145892307,11,14,3
w17,P6,sw_l,1,squats,squat,13.67714488553915,7,9,2
w17,P6,sw_l,2,squats,squat,21.59724338373465,11,13,2
w17,P6,sw_l,3,squats,squat,19.93335714461793,10,14,4
w17,P6,sw_l,4,pushups,other,14.009922133362522,10,9,-1
w17,P6,sw_l,5,pushups,other,14.50908800509751,10,9,-1
w17,P6,sw_l,6,pushups,other,11.747036848163816,9,8,-1
w17,P6,sw_l,7,pushups,other,14.742032078573857,12,11,-1
w17,P6,sw_l,8,dumbbell_shoulder_press,press,17.370972336378372,10,10,0
w17,P6,sw_l,9,dumbbell_shoulder_press,press,16.03986334508477,10,9,-1
w17,P6,sw_l,10,dumbbell_shoulder_press,press,17.903415932895655,11,11,0
w17,P6,sw_l,11,lunges,other,25.557292632832286,10,20,10
w17,P6,sw_l,12,lunges,other,24.02651729284503,10,20,10
w17,P6,sw_l,13,lunges,other,34.90833329666816,14,28,14
w17,P6,sw_l,14,dumbbell_rows,other,13.976644408580341,10,10,0
w17,P6,sw_l,15,dumbbell_rows,other,11.713759123381578,10,10,0
w17,P6,sw_l,16,dumbbell_rows,other,11.813592297728405,10,10,0
w17,P6,sw_l,17,situps,other,4.725436919091408,2,3,1
w17,P6,sw_l,18,situps,other,30.049785478447575,10,18,8
w17,P6,sw_l,19,situps,other,29.783563680188536,10,16,6
w17,P6,sw_l,20,situps,other,29.118009184541734,10,13,3
w17,P6,sw_l,21,tricep_extensions,other,15.341031124655728,10,10,0
w17,P6,sw_l,22,tricep_extensions,other,17.969971382460244,12,12,0
w17,P6,sw_l,23,tricep_extensions,other,12.712090866851668,10,9,-1
w17,P6,sw_l,24,bicep_curls,curl,19.833523970271017,10,9,-1
w17,P6,sw_l,25,bicep_curls,curl,19.60057989679467,11,9,-2
w17,P6,sw_l,26,bicep_curls,curl,18.435859529412937,10,10,0
w17,P6,sw_l,27,lateral_shoulder_raises,raise,23.5939068706748,10,11,1
w17,P6,sw_l,28,lateral_shoulder_raises,raise,21.863465181993433,10,11,1
w17,P6,sw_l,29,lateral_shoulder_raises,raise,21.19791068634686,10,10,0
w17,P6,sw_l,30,jumping_jacks,other,6.655544956466656,6,6,0
w17,P6,sw_l,31,jumping_jacks,other,10.11642833382939,10,10,0
w17,P6,sw_l,32,jumping_jacks,other,10.881816003823587,10,10,0
w17,P6,sw_l,33,jumping_jacks,other,10.382650132088202,10,10,0
w17,P6,sw_r,0,squats,squat,23.560629145892307,11,19,8
w17,P6,sw_r,1,squats,squat,13.67714488553915,7,10,3
w17,P6,sw_r,2,squats,squat,21.59724338373465,11,16,5
w17,P6,sw_r,3,squats,squat,19.93335714461793,10,15,5
w17,P6,sw_r,4,pushups,other,14.009922133362522,10,9,-1
w17,P6,sw_r,5,pushups,other,14.50908800509751,10,9,-1
w17,P6,sw_r,6,pushups,other,11.747036848163816,9,8,-1
w17,P6,sw_r,7,pushups,other,14.742032078573857,12,11,-1
w17,P6,sw_r,8,dumbbell_shoulder_press,press,17.370972336378372,10,11,1
w17,P6,sw_r,9,dumbbell_shoulder_press,press,16.03986334508477,10,10,0
w17,P6,sw_r,10,dumbbell_shoulder_press,press,17.903415932895655,11,12,1
w17,P6,sw_r,11,lunges,other,25.557292632832286,10,19,9
w17,P6,sw_r,12,lunges,other,24.02651729284503,10,19,9
w17,P6,sw_r,13,lunges,other,34.90833329666816,14,27,13
w17,P6,sw_r,14,dumbbell_rows,other,13.976644408580341,10,9,-1
w17,P6,sw_r,15,dumbbell_rows,other,11.713759123381578,10,11,1
w17,P6,sw_r,16,dumbbell_rows,other,11.813592297728405,10,10,0
w17,P6,sw_r,17,situps,other,4.725436919091408,2,4,2
w17,P6,sw_r,18,situps,other,30.049785478447575,10,15,5
w17,P6,sw_r,19,situps,other,29.783563680188536,10,12,2
w17,P6,sw_r,20,situps,other,29.118009184541734,10,11,1
w17,P6,sw_r,21,tricep_extensions,other,15.341031124655728,10,9,-1
w17,P6,sw_r,22,tricep_extensions,other,17.969971382460244,12,12,0
w17,P6,sw_r,23,tricep_extensions,other,12.712090866851668,10,9,-1
w17,P6,sw_r,24,bicep_curls,curl,19.833523970271017,10,10,0
w17,P6,sw_r,25,bicep_curls,curl,19.60057989679467,11,12,1
w17,P6,sw_r,26,bicep_curls,curl,18.435859529412937,10,10,0
w17,P6,sw_r,27,lateral_shoulder_raises,raise,23.5939068706748,10,11,1
w17,P6,sw_r,28,lateral_shoulder_raises,raise,21.863465181993433,10,10,0
w17,P6,sw_r,29,lateral_shoulder_raises,raise,21.19791068634686,10,11,1
w17,P6,sw_r,30,jumping_jacks,other,6.655544956466656,6,6,0
w17,P6,sw_r,31,jumping_jacks,other,10.11642833382939,10,10,0
w17,P6,sw_r,32,jumping_jacks,other,10.881816003823587,10,10,0
w17,P6,sw_r,33,jumping_jacks,other,10.382650132088202,10,10,0
w18,P7,sw_l,0,squats,squat,23.7934560392613,10,19,9
w18,P7,sw_l,1,squats,squat,25.25766871860047,10,19,9
w18,P7,sw_l,2,squats,squat,24.725227744295353,10,19,9
w18,P7,sw_l,3,pushups,other,16.03978435094257,10,9,-1
w18,P7,sw_l,4,pushups,other,17.63710727385802,10,10,0
w18,P7,sw_l,5,pushups,other,18.46904629620974,10,9,-1
w18,P7,sw_l,6,dumbbell_shoulder_press,press,14.575571671603484,9,9,0
w18,P7,sw_l,7,dumbbell_shoulder_press,press,16.97155605597652,10,10,0
w18,P7,sw_l,8,dumbbell_shoulder_press,press,14.875069719650128,10,9,-1
w18,P7,sw_l,9,lunges,other,30.748466266122477,10,26,16
w18,P7,sw_l,10,lunges,other,28.41903700353714,10,21,11
w18,P7,sw_l,11,lunges,other,28.685257490689764,10,23,13
w18,P7,sw_l,12,dumbbell_rows,other,18.868377026939015,10,10,0
w18,P7,sw_l,13,dumbbell_rows,other,19.83342629286699,10,10,0
w18,P7,sw_l,14,dumbbell_rows,other,19.53392824481989,10,10,0
w18,P7,sw_l,15,situps,other,32.51217699350764,10,23,13
w18,P7,sw_l,16,situps,other,32.84495260244921,10,25,15
w18,P7,sw_l,17,situps,other,32.47889943261407,10,22,12
w18,P7,sw_l,18,tricep_extensions,other,19.36754044034933,10,10,0
w18,P7,sw_l,19,tricep_extensions,other,18.83509946604454,10,10,0
w18,P7,sw_l,20,tricep_extensions,other,20.632087754324402,11,11,0
w18,P7,sw_l,21,bicep_curls,curl,17.038111177764677,10,9,-1
w18,P7,sw_l,22,bicep_curls,curl,19.16787507498566,10,9,-1
w18,P7,sw_l,23,bicep_curls,curl,18.80182190515052,10,9,-1
w18,P7,sw_l,24,lateral_shoulder_raises,raise,20.03309165823157,10,11,1
w18,P7,sw_l,25,lateral_shoulder_raises,raise,20.532255071641885,10,14,4
w18,P7,sw_l,26,lateral_shoulder_raises,raise,19.633760927502863,10,14,4
w18,P7,sw_l,27,jumping_jacks,other,10.748652168785156,10,10,0
w18,P7,sw_l,28,jumping_jacks,other,10.748652168785156,10,10,0
w18,P7,sw_l,29,jumping_jacks,other,10.648819486103093,10,10,0
w18,P7,sw_r,0,squats,squat,23.7934560392613,10,18,8
w18,P7,sw_r,1,squats,squat,25.25766871860047,10,18,8
w18,P7,sw_r,2,squats,squat,24.725227744295353,10,19,9
w18,P7,sw_r,3,pushups,other,16.03978435094257,10,9,-1
w18,P7,sw_r,4,pushups,other,17.63710727385802,10,9,-1
w18,P7,sw_r,5,pushups,other,18.46904629620974,10,9,-1
w18,P7,sw_r,6,dumbbell_shoulder_press,press,14.575571671603484,9,9,0
w18,P7,sw_r,7,dumbbell_shoulder_press,press,16.97155605597652,10,11,1
w18,P7,sw_r,8,dumbbell_shoulder_press,press,14.875069719650128,10,10,0
w18,P7,sw_r,9,lunges,other,30.748466266122477,10,26,16
w18,P7,sw_r,10,lunges,other,28.41903700353714,10,23,13
w18,P7,sw_r,11,lunges,other,28.685257490689764,10,17,7
w18,P7,sw_r,12,dumbbell_rows,other,18.868377026939015,10,10,0
w18,P7,sw_r,13,dumbbell_rows,other,19.83342629286699,10,10,0
w18,P7,sw_r,14,dumbbell_rows,other,19.53392824481989,10,11,1
w18,P7,sw_r,15,situps,other,32.51217699350764,10,22,12
w18,P7,sw_r,16,situps,other,32.84495260244921,10,22,12
w18,P7,sw_r,17,situps,other,32.47889943261407,10,20,10
w18,P7,sw_r,18,tricep_extensions,other,19.36754044034933,10,10,0
w18,P7,sw_r,19,tricep_extensions,other,18.83509946604454,10,10,0
w18,P7,sw_r,20,tricep_extensions,other,20.632087754324402,11,10,-1
w18,P7,sw_r,21,bicep_curls,curl,17.038111177764677,10,10,0
w18,P7,sw_r,22,bicep_curls,curl,19.16787507498566,10,9,-1
w18,P7,sw_r,23,bicep_curls,curl,18.80182190515052,10,10,0
w18,P7,sw_r,24,lateral_shoulder_raises,raise,20.03309165823157,10,10,0
w18,P7,sw_r,25,lateral_shoulder_raises,raise,20.532255071641885,10,12,2
w18,P7,sw_r,26,lateral_shoulder_raises,raise,19.633760927502863,10,12,2
w18,P7,sw_r,27,jumping_jacks,other,10.748652168785156,10,10,0
w18,P7,sw_r,28,jumping_jacks,other,10.748652168785156,10,10,0
w18,P7,sw_r,29,jumping_jacks,other,10.648819486103093,10,10,0
w19,P8,sw_l,0,squats,squat,16.516398065392664,10,11,1
w19,P8,sw_l,1,squats,squat,16.183406168912967,10,12,2
w19,P8,sw_l,2,squats,squat,15.78381589313733,10,10,0
w19,P8,sw_l,3,pushups,other,22.24385868484333,10,9,-1
w19,P8,sw_l,4,pushups,other,29.469782838452602,10,9,-1
w19,P8,sw_l,5,pushups,other,24.774597098088975,7,6,-1
w19,P8,sw_l,6,dumbbell_shoulder_press,press,26.472855770135425,10,9,-1
w19,P8,sw_l,7,dumbbell_shoulder_press,press,24.707998718792965,10,11,1
w19,P8,sw_l,8,dumbbell_shoulder_press,press,28.537405528309478,10,16,6
w19,P8,sw_l,9,lunges,other,34.098370199520446,10,25,15
w19,P8,sw_l,10,lunges,other,27.47183145957456,10,22,12
w19,P8,sw_l,11,lunges,other,25.773572787527996,10,20,10
w19,P8,sw_l,12,dumbbell_rows,other,14.651643445106288,10,10,0
w19,P8,sw_l,13,dumbbell_rows,other,15.983611031025134,10,10,0
w19,P8,sw_l,14,dumbbell_rows,other,15.017934531234005,10,10,0
w19,P8,sw_l,15,situps,other,26.739249287319126,10,20,10
w19,P8,sw_l,16,situps,other,26.53945414943132,10,17,7
w19,P8,sw_l,17,situps,other,26.606052528727332,10,20,10
w19,P8,sw_l,18,tricep_extensions,other,19.87961621983777,10,10,0
w19,P8,sw_l,19,tricep_extensions,other,20.612198392092978,11,11,0
w19,P8,sw_l,20,tricep_extensions,other,19.480025944062163,11,10,-1
w19,P8,sw_l,21,bicep_curls,curl,22.610149770971248,10,9,-1
w19,P8,sw_l,22,bicep_curls,curl,21.344780564347957,10,9,-1
w19,P8,sw_l,23,bicep_curls,curl,19.413427564765925,10,9,-1
w19,P8,sw_l,24,bicep_curls,curl,20.778694340333004,10,9,-1
w19,P8,sw_l,25,lateral_shoulder_raises,raise,14.185454790034782,9,8,-1
w19,P8,sw_r,0,squats,squat,16.516398065392664,10,10,0
w19,P8,sw_r,1,squats,squat,16.183406168912967,10,9,-1
w19,P8,sw_r,2,squats,squat,15.78381589313733,10,10,0
w19,P8,sw_r,3,pushups,other,22.24385868484333,10,10,0
w19,P8,sw_r,4,pushups,other,29.469782838452602,10,9,-1
w19,P8,sw_r,5,pushups,other,24.774597098088975,7,7,0
w19,P8,sw_r,6,dumbbell_shoulder_press,press,26.472855770135425,10,9,-1
w19,P8,sw_r,7,dumbbell_shoulder_press,press,24.707998718792965,10,10,0
w19,P8,sw_r,8,dumbbell_shoulder_press,press,28.537405528309478,10,13,3
w19,P8,sw_r,9,lunges,other,34.098370199520446,10,30,20
w19,P8,sw_r,10,lunges,other,27.47183145957456,10,23,13
w19,P8,sw_r,11,lunges,other,25.773572787527996,10,19,9
w19,P8,sw_r,12,dumbbell_rows,other,14.651643445106288,10,10,0
w19,P8,sw_r,13,dumbbell_rows,other,15.983611031025134,10,10,0
w19,P8,sw_r,14,dumbbell_rows,other,15.017934531234005,10,10,0
w19,P8,sw_r,15,situps,other,26.739249287319126,10,14,4
w19,P8,sw_r,16,situps,other,26.53945414943132,10,12,2
w19,P8,sw_r,17,situps,other,26.606052528727332,10,10,0
w19,P8,sw_r,18,tricep_extensions,other,19.87961621983777,10,10,0
w19,P8,sw_r,19,tricep_extensions,other,20.612198392092978,11,11,0
w19,P8,sw_r,20,tricep_extensions,other,19.480025944062163,11,10,-1
w19,P8,sw_r,21,bicep_curls,curl,22.610149770971248,10,10,0
w19,P8,sw_r,22,bicep_curls,curl,21.344780564347957,10,9,-1
w19,P8,sw_r,23,bicep_curls,curl,19.413427564765925,10,9,-1
w19,P8,sw_r,24,bicep_curls,curl,20.778694340333004,10,9,-1
w19,P8,sw_r,25,lateral_shoulder_raises,raise,14.185454790034782,9,8,-1
w20,P9,sw_l,0,squats,squat,26.55488773785524,10,10,0
w20,P9,sw_l,1,squats,squat,26.355226927796167,10,10,0
w20,P9,sw_l,2,squats,squat,28.252004623357266,10,11,1
w20,P9,sw_l,3,pushups,other,17.570151285197483,10,10,0
w20,P9,sw_l,4,pushups,other,21.064215461231015,10,10,0
w20,P9,sw_l,5,pushups,other,24.22551162049956,10,10,0
w20,P9,sw_l,6,lunges,other,33.40990888321642,10,19,9
w20,P9,sw_l,7,lunges,other,30.14878231891828,9,18,9
w20,P9,sw_l,8,lunges,other,32.71109604800961,10,19,9
w20,P9,sw_l,9,dumbbell_rows,other,19.699866592494118,10,14,4
w20,P9,sw_l,10,dumbbell_rows,other,23.32703797523368,10,13,3
w20,P9,sw_l,11,dumbbell_rows,other,20.598340237759885,10,11,1
w20,P9,sw_l,12,situps,other,27.719575796533036,10,11,1
w20,P9,sw_l,13,situps,other,25.889351704325236,10,10,0
w20,P9,sw_l,14,situps,other,25.42347648085388,10,10,0
w20,P9,sw_l,15,tricep_extensions,other,24.49172603391162,10,10,0
w20,P9,sw_l,16,tricep_extensions,other,23.59325238864585,10,10,0
w20,P9,sw_l,17,tricep_extensions,other,22.461841131644633,10,10,0
w20,P9,sw_l,18,bicep_curls,curl,25.955905307677767,10,10,0
w20,P9,sw_l,19,bicep_curls,curl,26.222119721090166,10,15,5
w20,P9,sw_l,20,bicep_curls,curl,26.122289316060233,10,14,4
w20,P9,sw_l,21,lateral_shoulder_raises,raise,29.982398310536155,10,13,3
w20,P9,sw_l,22,lateral_shoulder_raises,raise,29.74946069880025,10,18,8
w20,P9,sw_l,23,lateral_shoulder_raises,raise,30.880871955801922,10,18,8
w20,P9,sw_l,24,jumping_jacks,other,11.081174958278098,10,10,0
w20,P9,sw_l,25,jumping_jacks,other,12.079479008573799,10,10,0
w20,P9,sw_l,26,jumping_jacks,other,12.345693421984834,10,10,0
w20,P9,sw_r,0,squats,squat,26.55488773785524,10,10,0
w20,P9,sw_r,1,squats,squat,26.355226927796167,10,10,0
w20,P9,sw_r,2,squats,squat,28.252004623357266,10,10,0
w20,P9,sw_r,3,pushups,other,17.570151285197483,10,10,0
w20,P9,sw_r,4,pushups,other,21.064215461231015,10,10,0
w20,P9,sw_r,5,pushups,other,24.22551162049956,10,9,-1
w20,P9,sw_r,6,lunges,other,33.40990888321642,10,19,9
w20,P9,sw_r,7,lunges,other,30.14878231891828,9,17,8
w20,P9,sw_r,8,lunges,other,32.71109604800961,10,18,8
w20,P9,sw_r,9,dumbbell_rows,other,19.699866592494118,10,11,1
w20,P9,sw_r,10,dumbbell_rows,other,23.32703797523368,10,14,4
w20,P9,sw_r,11,dumbbell_rows,other,20.598340237759885,10,10,0
w20,P9,sw_r,12,situps,other,27.719575796533036,10,11,1
w20,P9,sw_r,13,situps,other,25.889351704325236,10,10,0
w20,P9,sw_r,14,situps,other,25.42347648085388,10,10,0
w20,P9,sw_r,15,tricep_extensions,other,24.49172603391162,10,10,0
w20,P9,sw_r,16,tricep_extensions,other,23.59325238864585,10,10,0
w20,P9,sw_r,17,tricep_extensions,other,22.461841131644633,10,10,0
w20,P9,sw_r,18,bicep_curls,curl,25.955905307677767,10,9,-1
w20,P9,sw_r,19,bicep_curls,curl,26.222119721090166,10,9,-1
w20,P9,sw_r,20,bicep_curls,curl,26.122289316060233,10,13,3
w20,P9,sw_r,21,lateral_shoulder_raises,raise,29.982398310536155,10,17,7
w20,P9,sw_r,22,lateral_shoulder_raises,raise,29.74946069880025,10,19,9
w20,P9,sw_r,23,lateral_shoulder_raises,raise,30.880871955801922,10,19,9
w20,P9,sw_r,24,jumping_jacks,other,11.081174958278098,10,10,0
w20,P9,sw_r,25,jumping_jacks,other,12.079479008573799,10,10,0
w20,P9,sw_r,26,jumping_jacks,other,12.345693421984834,10,10,0
